Stage Name,Full Name,Korean Name,K. Stage Name,Date of Birth,Group,Country,Birthplace,Other Group,Gender
A.M,Seong Hyunwoo,성현우,에이엠,12/31/1996,Limitless,South Korea,,,M
Ace,Jang Wooyoung,장우영,에이스,8/28/1992,VAV,South Korea,,,M
Aeji,Kwon Aeji,권애지,애지,10/25/1999,Hashtag,South Korea,Daegu,,F
AhIn,Lee Ahin,이아인,아인,9/27/1999,MOMOLAND,South Korea,Wonju,,F
Ahra,Go Ahra,고아라,아라,2/21/2001,Favorite,South Korea,Yeosu,,F
Ahyoung,Cho Jayoung,조자영,아영,5/26/1991,Dal Shabet,South Korea,Seoul,,F
Ahyung,Kang Ahyoung,강아형,아형,8/27/1996,P.O.P,South Korea,Pohang,,F
Ailee,Lee Yejin,이예진,에일리,5/30/1989,,South Korea,Denver,,F
Aini,Kim Heejung,김희정,아이니,7/13/1991,Pink Fantasy,South Korea,,,F
Aisha,Heo Yoorim,허유림,아샤,7/21/2000,Everglow,South Korea,,,F
AleXa,Kim Seri,김세리,알렉사,12/6/1996,,USA,,,F
Alice,Song Joohee,송주희,앨리스,3/21/1990,Hello Venus,South Korea,Wonju,,F
Allen,Allen Ma,앨런 마,앨런,4/26/1999,CRAVITY,USA,,,M
Amber,Amber Josephine Liu,엠버 조세핀 리우,엠버,9/18/1992,f(x),USA,Los Angeles,,F
Anne,Lee Seoyoung,이서영,앤,10/17/2000,GWSN,South Korea,,,F
Anthony,Anthony Lo,엔써니 루오,엔써니,3/12/1998,VARSITY,China,,,M
Arang,Son Mnjung,손민정,아랑,3/8/2000,,South Korea,,,F
Arang,Park Yerim,박예림,아랑,1/22/2001,Pink Fantasy,South Korea,,,F
Ari,Kim Sunyoung,김선영,아리,10/23/1994,Tahiti,South Korea,Daegu,,F
Ari,Hwang Nayoon,황나윤,아리,3/30/1999,RedSquare,South Korea,Seoul,,F
Arie,Jeon Minjae,전민재,아리,4/7/2000,MIXX,South Korea,,,F
Arin,Choi Yewon,최예원,아린,6/18/1999,Oh My Girl,South Korea,Busan,,F
Aron,Kwak Youngmin,곽영민,아론,5/21/1993,NU'EST,South Korea,California,NU'EST W,M
Asahi,Hanada Asahi,하나다 아사히,아사히,8/20/2001,Treasure,Japan,,,M
Ashley,Ashley Choi,애슐리 최,애슐리,11/9/1991,Ladies' Code,South Korea,Incheon,,F
Aurora,Yang Lan,양안,오로라,1/14/1997,NATURE,China,,,F
Avin,Park Donghyun,박동혁,어빈,12/18/1999,ENOi,South Korea,,,M
Ayno,Noh Yoonho,노윤호,에이노,5/1/1996,VAV,South Korea,,,M
B-Bomb,Lee Minhyuk,이민혁,비범,12/14/1990,Block B,South Korea,Seoul,Bastarz,M
B-Joo,Kim Byungjoo,김병주,비주,1/8/1994,Topp Dogg,South Korea,Seoul,,M
B.I,Kim Hanbin,김한빈,비아이,10/22/1996,,South Korea,Goyang,,M
B.S,Lee Youngsoo,이영수,비에스,4/14/1995,14U,South Korea,,,M
Babysoul,Lee Soojung,이수정,베이비소울,7/6/1992,Lovelyz,South Korea,Gwangju,,F
Bada,Kim Bada,김바다,바다,5/28/2002,Hinapia,South Korea,,,F
Baekah,Kim Sua,김수아,백아,10/24/1999,NeonPunch,South Korea,,,F
Baekho,Kang Dongho,강동호,백호,7/21/1995,NU'EST,South Korea,Jeju,NU'EST W,M
Baekhyun,Byun Baekhyun,변백현,백현,5/6/1992,EXO,South Korea,Wonmi,"EXO-CBX, SuperM",M
BamBam,Kunpimook Bhuwakul,꾼삐묵 부와꾼,뱀뱀,5/2/1997,GOT7,Thailand,Bangkok,,M
Bang Chan,Bang Chan,방찬,방찬,10/3/1997,Stray Kids,Australia,Sydney,3RACHA,M
Baro,Cha Sunwoo,차선우,바로,9/5/1992,B1A4,South Korea,Gwangju,,M
Baron,Choi Chunghyeop,최충협,바론,4/19/1992,VAV,South Korea,,,M
BC,Jin Sungho,진성호,비시,7/18/1994,1TEAM,South Korea,,,M
Bekah,Rebecca Kim,김레베카,베카,8/11/1989,,South Korea,Honolulu,,F
BEL,Choi Sunghoon,최성훈,벨,5/21/2000,DUSTIN,South Korea,,,M
Bella,Choi Yuna,최윤아,벨라,2/2/1999,ELRIS,South Korea,,,F
Belle,Jin Hyeonjoo,진현주,벨,11/3/2001,Cignature,South Korea,Goyang,,F
Benji,Baek Jaewook,배제욱,벤지,5/3/1992,B.I.G,USA,Indianapolis,,M
Beomgyu,Choi Beomgyu,최범규,범규,3/13/2001,TXT,South Korea,,,M
Bian,Yu Jiwon,유지원,비안,2/13/2001,ANS,South Korea,,,F
Bic,Nam Seungmin,남승민,빅,4/25/2001,MCND,South Korea,,,M
Bin,Kwon Soobin,김수빈,빈,10/28/1993,Hot Blood Youth,South Korea,,,M
Binnie,Bae Yubin,배유빈,비니,9/9/1997,Oh My Girl,South Korea,Chuncheon,,F
Bitsaeon,Kim Sangyeon,김상연,빛새온,6/4/1995,MONT,South Korea,,,M
Bitto,Lee Changhyun,이창현,비토,8/24/1996,UP10TION,South Korea,Dongducheon,,M
Blue,Jung Gahee,정가희,파랑,1/18/1994,Pungdeng-E,South Korea,Gwangju,,F
BM,Matthew Kim,매튜김,비엠,10/20/1992,KARD,South Korea,,,M
BoA,Kwon Boa,권보아,보아,11/5/1989,,South Korea,Guri,,F
Boa,Kim Boah,김보아,보아,1/14/1987,SPICA,South Korea,,,F
Bobby,Kim Jiwon,김지원,바비,12/21/1995,iKON,South Korea,Seoul,,M
Bohyung,Kim Bohyung,김보형,보형,3/31/1991,SPICA,South Korea,,SPICA-S,F
Bokeun,Kim Bokeun,김복은,복은,10/12/1994,SIGNAL,South Korea,,,M
Park Bom,Park Bom,박봄,봄,3/24/1984,2NE1,South Korea,,,F
Bomi,Yoon Bomi,윤보미,보미,9/13/1993,Apink,South Korea,Suwon,,F
Bomin,Choi Bomin,최보민,보민,8/24/2000,Golden Child,South Korea,,,M
Bomin,Kim Bomin,김보민,보민,9/24/2001,RedSquare,South Korea,Gwangju,,F
Bona,Kim Jiyeon,김지연,보나,8/19/1995,Cosmic Girls,South Korea,Daegu,,F
Boni,Choi Euijeong,최의정,보니,10/30/1999,Dreamnote,South Korea,,,F
Bora,Yoon Bora,윤보라,보라,1/30/1990,SISTAR,South Korea,,,F
Bora,Kim Bora,김보라,보라,3/3/1999,Cherry Bullet,South Korea,,,F
Boram,Jeon Boram,전보람,보람,3/22/1986,T-ara,South Korea,Seoul,,F
Bullet,Jin Junwoo,진준우,블릿,12/2/1995,VARSITY,South Korea,Seoul,,M
BX,Lee Byounggon,이병곤,비엑스,3/5/1998,CIX,South Korea,Incheon,,M
Byungchan,Choi Byungchan,최병찬,병찬,11/12/1997,VICTON,South Korea,,,M
C.A.P,Bang Minsoo,방민수,캡,11/4/1992,Teen Top,South Korea,Seongnam,,M
Cao Lu,Cao Lu,차오루,차오루,8/30/1987,Fiestar,China,Zhangjiajie,,F
Casper,Chu Xiaoxiang,저효상,캐스퍼,3/20/1991,CROSS GENE,China,Shanghai,,M
Castle J,Son Sangjoon,손성준,캐슬제이,5/31/1999,MCND,South Korea,,,M
Cha Hoon,Cha Hoon,차훈,차훈,7/12/1994,N.Flying,South Korea,Seoul,,M
Chaea,Kim Chaeyoung,김채영,체리,7/5/1997,RedSquare,South Korea,Gunsan,,F
Chaebin,Choi Yoobin,최유빈,채빈,7/28/1999,NATURE,South Korea,,,F
Chaehyun,Kim Chaehyun,김채현,채현,11/29/1999,Bonus Baby,South Korea,,,F
Chaejin,Chae Jinseok,채진석,채진,12/26/1995,MYNAME,South Korea,Seoul,,M
Chaekyung,Yoon Chaekyung,윤채경,채경,7/7/1996,APRIL,South Korea,Incheon,"C.I.V.A, I.B.I",F
Chaelin,Lee Chaelin,이채린,채린,10/20/1999,FANATICS,South Korea,,,F
Chaerin,Park Chaerin,박채린,채린,3/13/2002,Cherry Bullet,South Korea,,,F
Chaeryeong,Lee Chaeryeong,이채령,채령,7/5/2001,ITZY,South Korea,,,F
Chaesol,Maeng Chaesol,맹채솔,채솔,7/14/1998,Cignature,South Korea,Yeosu,,F
Chaewon,Kim Chaewon,김채원,채원,11/8/1997,APRIL,South Korea,Gongju,,F
Chaewon,Kim Chaewon,김채원,채원,8/1/2000,IZ*ONE,South Korea,Seoul,,F
ChaeY,Song Chaeyeon,송채연,채이,1/6/2003,CRAXY,South Korea,,,F
Chaeyeon,Jung Chaeyeon,정채연,채연,12/1/1997,DIA,South Korea,Suncheon,I.O.I,F
Chaeyeon,Kim Chaeyeon,김채연,채연,12/4/2004,Busters,South Korea,,,F
Chaeyeon,Lee Chaeyeon,이채연,채연,1/11/2000,IZ*ONE,South Korea,Yongin,,F
Chaeyoung,Son Chaeyoung,손채영,채영,4/23/1999,Twice,South Korea,Seoul,,F
Chaeyoung,Lee Chaeyoung,이채영,채영,5/14/2000,fromis_9,South Korea,Pohang,,F
Chahee,Park Sooyoung,박수영,차희,3/24/1996,MELODYDAY,South Korea,,,F
Chan,Jung Chanwoo,정찬우,찬,1/26/1998,iKON,South Korea,Yongin,,M
Chan,Kang Yoochan,강유찬,찬,12/31/1997,A.C.E,South Korea,Jeju,UNB,M
Chan,Jo Chanhyuk,조찬혁,찬,12/8/1999,TOO,South Korea,,,M
Changbin,Seo Changbin,서창빈,창빈,8/11/1999,Stray Kids,South Korea,Yongin,3RACHA,M
Changbum,Woo Changbum,우창범,창범,10/7/1993,,South Korea,Sokcho,,M
Changgyu,Song Changgyu,송창규,창규,7/6/1993,UNVS,South Korea,,,M
Changjo,Choi Jonghyun,최종현,창조,11/16/1995,Teen Top,South Korea,Chuncheon,,M
Lee Changsub,Lee Changsub,이창섭,창섭,2/26/1991,BtoB,South Korea,Suwon,,M
Changsun,Lee Changsun,이창선,창선,3/17/1996,24K,South Korea,,,M
Chani,Kang Chanhee,강찬희,찬희,1/17/2000,SF9,South Korea,,,M
Chanmi,Kim Chanmi,김찬미,찬미,6/19/1996,AoA,South Korea,Gumi,,F
Chansung,Hwang Chansung,황찬성,찬성,2/11/1990,2PM,South Korea,Seoul,,M
Chanyeol,Park Chanyeol,박찬열,찬열,11/27/1992,EXO,South Korea,Seoul,,M
Chanyong,Kim Chanyong,김찬용,찬용,4/29/1993,100%,South Korea,Suwon,,M
Chanyoung,Kim Chanyoung,김찬영,찬영,11/20/2000,D-CRUNCH,South Korea,,,M
Chen,Kim Jongdae,김종대,첸,9/21/1992,EXO,South Korea,Silheung,EXO-CBX,M
Cheng Xiao,Cheng Xiao,청샤오,성소,7/15/1998,Cosmic Girls,China,Shenzhen,,F
Chenle,Zhong Chenle,중천러,천러,11/22/2001,NCT,China,Shanghai,NCT Dream,M
Cheongeum,Jang Cheongeum,장청음,청음,6/19/1996,Ho1iday,South Korea,,,F
Chiayi,Li Chiayi,지아이,지아이,1/22/2000,FANATICS,Taiwan,,FANATICS FLAVOR,F
Chihoon,Choi Chihoon,최치훈,치훈,4/27/1999,TOO,South Korea,,,M
Choa,Park Choa,박초아,초아,3/6/1990,,South Korea,Incheon,,F
Choa,Heo Minjin,허민진,초아,7/12/1990,Crayon Pop,South Korea,Seoul,,F
Choerry,Choi Yerim,최예림,최리,6/4/2001,LOONA,South Korea,,Loona Odd Eye Circle,F
Choi Jiann,Choi Jaewoo,최재우,최지안,9/30/1997,Newkidd,South Korea,,,M
Chorong,Park Chorong,박초롱,초롱,3/3/1991,Apink,South Korea,Chungwongoon,,F
Chungha,Kim Chungha,김청하,청하,2/9/1996,,South Korea,Dallas,,F
Chunji,Lee Chanhee,이찬희,천지,10/5/1993,Teen Top,South Korea,Seongnam,,M
Chuu,Kim Jiwoo,김지우,츄,10/20/1999,LOONA,South Korea,Cheongju,Loona yyxy,F
CL,Lee Chaerin,이채린,씨엘,2/26/1991,2NE1,South Korea,,,F
CNU,Shin Dongwoo,신동우,신우,7/16/1991,B1A4,South Korea,Seoul,,M
Cory,Hong Joohyung,홍주현,코리,11/25/1990,24K,South Korea,Daegu,,M
Cya,Lee Giwook,이기욱,키야,1/24/2000,Onewe,South Korea,,,M
D.ana,Cho Eunae,조은애,디애나,9/10/1995,Sonamoo,South Korea,Seoul,,F
D.O.,Do Kyungsoo,도경수,디오,1/12/1993,EXO,South Korea,Gyeonggi,,M
Daehwi,Lee Daehwi,이대휘,대휘,1/29/2001,AB6IX,South Korea,Seoul,,M
Daehyeon,Jang Daehyeon,장대현,대현,2/11/1997,,South Korea,,,M
Jung Daehyun,Jung Daehyun,정대현,대현,6/28/1993,B.A.P,South Korea,Busan,,M
Daeil,Kim Daeil,김대일,대일,5/10/1992,,South Korea,Busan,,M
Daesung,Daesung,강대성,대성,4/26/1989,BIGBANG,South Korea,Incheon,,M
Daeun,Jung Daeun,정다은,정다은,6/3/1994,2EYES,South Korea,Bucheon,,F
Daewang Nim,Daewang Nim,대왕님,대왕님,4/8/1996,Pink Fantasy,South Korea,,,F
Daeyeol,Lee Daeyeol,이대열,대열,2/11/1993,Golden Child,South Korea,Yongin,,M
Daeyeon,Hwang Da Kyeon,황연경,다연,11/17/1995,NeonPunch,South Korea,,,F
Dahye,Song Dahye,송다혜,다혜,6/12/1993,,South Korea,,,F
Dahyun,Kim Dahyun,김다현,다현,5/28/1998,Twice,South Korea,Seongnam,,F
Dahyun,Jeong Dahyun,정다현,다현,4/29/2005,Rocket Punch,South Korea,,,F
Dain,Song Jieun,송지은,다인,6/25/1990,,South Korea,,,F
Daisy,Yoo Jeongahn,유정안,데이지,1/22/1999,MOMOLAND,South Korea,Seoul,,F
Dajeong,Kim Dajeong,김다정,다정,8/8/1995,Hashtag,South Korea,Gwangju,,F
Dalyn,Lee Sohyun,이소현,달린,8/27/1999,ANS,South Korea,,,F
Dami,Lee Yoobin,이유빈,다미,3/7/1997,Dreamcatcher,South Korea,Seoul,,F
Dami,Hong Dayoung,홍다영,담이,6/7/2001,ANS,South Korea,,,F
Damon,Hu Boohan,후보한,데이먼,7/2/1996,VARSITY,China,,,M
Dan-a,Park Seungyeon,박승연,단아,6/26/1993,Matilda,South Korea,,,F
Kang Daniel,Kang Daniel,강다니엘,다니엘,12/10/1996,Wanna One,South Korea,Busan,,M
Dany,Jeon Eunji,전은지,다니,1/20/1998,Ho1iday,South Korea,,,F
Daon,Ahn Seonil,안선일,다온,12/10/2000,DUSTIN,South Korea,,,M
Dara,Park Sandara,박산다라,다라,11/12/1984,2NE1,South Korea,,,F
Dasom,Kim Dasom,김다솜,다솜,5/6/1993,SISTAR,South Korea,,,F
Dasom,Lee Dasom,이다솜,다솜,11/13/1993,2EYES,South Korea,Cheongju,,F
Dawon,Nam Dawon,남다원,다원,3/16/1997,Cosmic Girls,South Korea,Seoul,,F
Dawon,Lee Sanghyuk,이상혁,다원,7/24/1995,SF9,South Korea,,,M
Dawon,Cho Dawon,조다원,다원,5/12/2000,VARSITY,South Korea,,,M
Dawon,Lee Dawon,이다원,다원,12/2/1996,ARIAZ,South Korea,,,F
Daye,Kim Hyunjung,김현정,다예,2/25/1998,Berry Good,South Korea,,,F
Dayoung,Kim Dayoung,김다영,다영,2/2/1991,Blady,South Korea,Jeonju,,F
Dayoung,Im Dayoung,임다영,다영,5/14/1999,Cosmic Girls,South Korea,Jeju,,F
Dayun,Kim Dayun,김다윤,다윤,11/20/2000,Bonus Baby,South Korea,,,F
Della,Park Sehyun,박세현,델라,9/3/1995,Rockit Girl,South Korea,,,F
Denise,Kim Denise,김데니스,데니스,1/11/2001,SECRET NUMBER,South Korea,,,F
Dino,Lee Chan,이찬,디노,2/11/1999,Seventeen,South Korea,Iksan,,M
Dita,Dita Karang,디타 가랑,디타,12/25/1996,SECRET NUMBER,Indonesia,Yogyakarta,,F
DK,Lee Seongmin,이석민,도겸,2/18/1997,Seventeen,South Korea,Yongin,,M
DK,Kim Donghyuk,김동혁,디케이,1/3/1997,iKON,South Korea,,,M
Doah,Kim Doah,김도아,도아,12/4/2003,FANATICS,South Korea,,FANATICS FLAVOR,F
Dohee,Yoon Dohee,윤도희,도희,9/24/1999,NeonPunch,South Korea,,,F
Dohyon,Nam Dohyon,남도현,도현,11/10/2004,X1,South Korea,,,M
Dohyuk,Kim Dohyuk,김도혁,도혁,1/16/1998,14U,South Korea,,,M
Doi,Kim Doi,김도이,도이,4/12/1996,FANATICS,South Korea,,,F
Dojin,Jeon Yongtae,전용태,도진,3/7/1997,ENOi,South Korea,,,M
Dokyun,Na Dokyun,나도균,도균,2/11/1991,HISTORY,South Korea,Daejeon,,M
Donggeon,Song Donggeon,송동건,동건,7/15/1999,TOO,South Korea,,,M
Donghae,Lee Donghae,이동해,동해,10/15/1986,Super Junior,South Korea,Mokpo,Super Junior-M,M
Kim Donghan,Kim Donghan,김동한,동한,7/3/1998,JBJ,South Korea,Daegu,,M
Dongheon,Lee Dongheon,이동헌,동헌,8/4/1995,Verivery,South Korea,,,M
Donghun,Lee Donghun,이동훈,동훈,5/15/1993,A.C.E,South Korea,Suncheon,,M
Donghyun,Kim Donghyun,김동현,동현,2/12/1989,Boyfriend,South Korea,Seoul,,M
Donghyun,Kim Donghyun,김동현,동현,2/23/1999,Golden Child,South Korea,,,M
Donghyun,Kim Donghyun,김동현,동현,9/17/1998,AB6IX,South Korea,Daejeon,MXM,M
Dongjun,Kim Dongjun,김동준,동준,2/11/1992,ZE:A,South Korea,Busan,,M
Dongkyu,Moon Dongkyu,문동규,동규,11/16/1992,Spectrum,South Korea,,,M
Dongmyeong,Son Dongmyeong,곤동명,동명,1/20/2000,Onewe,South Korea,,,M
Dongpyo,Son Dongpyo,손동표,동표,9/9/2002,X1,South Korea,,,M
Dongwon,Lee Dongwon,이동원,동원,1/1/1994,KNK,South Korea,,,M
Dongwoo,Jang Dongwoo,장동우,동우,11/22/1990,Infinite,South Korea,Guri,Infinite H,M
Son Dongwoon,Son Dongwoon,손동운,동운,6/6/1991,Highlight,South Korea,Busan,,M
Doojoon,Yoon Doojoon,윤두준,두준,7/4/1989,Highlight,South Korea,Goyang,,M
Dowoon,Yoon Dowoon,윤도운,도운,8/25/1995,DAY6,South Korea,,,M
Doyeon,Kim Doyeon,김도연,도연,12/4/1999,Weki Meki,South Korea,Incheon,"I.O.I, WJMK",F
Doyoung,Kim Dongyoung,김동영,도영,2/1/1996,NCT,South Korea,Guri,"NCT U, NCT 127",M
Doyoung,Kim Doyoung,김도영,도영,12/4/2003,Treasure,South Korea,,,M
Doyum,Jeon Doyum,전도염,도염,2/21/2002,1the9,South Korea,Daejeon,,M
Dylan,Park Yeonjae,박연재,딜란,7/26/2002,D-CRUNCH,South Korea,,,M
Dawn,Kim Hyojong,김효종,이던,6/1/1994,,South Korea,,,M
E-tion,Lee Changyoon,이창윤,이션,12/24/1994,ONF,South Korea,Jeonju,,M
E-Young,Noh Yiyoung,노이영,이영,8/16/1992,After School,South Korea,Chuncheon,,F
E.sol,Jeon Jaehyuk,전재혁,이솔,9/17/1992,14U,South Korea,,,M
E:U,Park Jiwon,박지원,이유,5/19/1998,Everglow,South Korea,,,F
Eli,Ellison Kim,엘리슨 킴,일라이,3/13/1991,U-KISS,USA,Los Angeles,,M
Elkie,Chong Ting Yan,쫑딩얀,엘키,11/2/1998,CLC,Hong Kong,Hong Kong,,F
Ellin,Kim Minyoung,김민영,엘린,4/2/1990,Crayon Pop,South Korea,Daegu,,F
Elly,Jung Haerim,정해림,엘리,7/20/1998,Weki Meki,South Korea,,,F
Ellyn,Bang Sunhee,방선희,엘린,10/19/2002,Girlkind,South Korea,,,F
Eric,Son Youngjae,손영재,에릭,12/22/2000,The Boyz,South Korea,,,M
Eson,Kim Jungmin,김정민,이슨,12/28/1996,We In The Zone,South Korea,Honolulu,,M
Euaerin,Lee Hyemin,이혜민,이유애린,5/3/1988,,South Korea,Seoul,,F
Euijin,Hong Euijin,홍의진,의진,10/8/1996,Sonamoo,South Korea,Gwangju,UNI.T,F
Lee Euijin,Lee Euijin,이의진,의진,2/15/1990,Bigflo,South Korea,Seoul,,M
Eun,Choi Eunmi,최은미,은,5/14/1990,Two X,South Korea,,,F
Eunbi,Kwon Eunbi,권은비,은비,9/27/1995,IZ*ONE,South Korea,Seoul,,F
Eunbin,Kwon Eunbin,권은빈,은빈,1/6/2000,CLC,South Korea,Seoul,,F
Eunchae,Kwon Chaewon,권채원,은채,5/26/1999,DIA,South Korea,,,F
Eunha,Jung Eunbi,정은비,은하,5/30/1997,Gfriend,South Korea,Seoul,,F
Eunho,Shin Donggeun,신동근,은호,9/10/1992,UNVS,South Korea,,,M
Eunhyuk,Lee Hyukjae,이혁재,은혁,4/4/1986,Super Junior,South Korea,Ilsan,Super Junior-M,M
Eunice,Heo Sooyeon,허수연,유니스,11/2/1991,DIA,South Korea,Busan,,F
Eunjae,Kwak Eunjae,곽은재,은재,5/2/1996,14U,South Korea,,,M
Eunji,Jung Eunji,정은지,은지,8/18/1993,Apink,South Korea,Busan,,F
Eunji,Hong Eunji,홍은지,은지,7/19/1992,Brave Girls,South Korea,Seoul,,F
Eunjin,Ahn Eunjin,안은진,은진,8/31/1997,,South Korea,Mokpo,,F
Eunjin,Ma Eunjin,마은진,은진,5/23/1997,Playback,South Korea,Wonju,,F
Eunjin,Moon Eunjin,문은진,은진,11/5/1998,Highteen,South Korea,,,F
Eunjo,Park Eunjo,박은조,은조,3/7/2002,Dreamnote,South Korea,,,F
Eunjun,Choi Eunjun,최은준,은준,8/6/1999,Spectrum,South Korea,,,M
Eunjung,Ham Eunjung,함은정,은정,12/12/1988,T-ara,South Korea,Seoul,,F
Hong Eunki,Hong Eunki,홍은기,은기,9/29/1997,,South Korea,,,M
Eunkwang,Seo Eunkwang,서은광,은광,11/22/1990,BtoB,South Korea,Yongin,,M
Eunsang,Lee Eunsang,이은상,은상,10/16/2002,X1,South Korea,,,M
Eunseo,Son Juyeon,손주연,은서,5/27/1998,Cosmic Girls,South Korea,Incheon,,F
Eunsung,Lee Eunsung,이은성,은성,9/7/2000,TheEastLight,South Korea,,,M
Eunwoo,Jeong Eunwoo,정은우,은우,7/1/1998,Hinapia,South Korea,,Pristin V,F
Eunwoo,Cha Eunwoo,차은우,은우,3/30/1997,ASTRO,South Korea,Gunpo,,M
Eunyoung,Joo Eunyoung,주은영,은영,6/12/1992,Two X,South Korea,,,F
Exy,Chu Sojung,추소정,엑시,11/6/1995,Cosmic Girls,South Korea,Busan,,F
Fei,Wang FeiFei,왕페이페이,페이,4/27/1987,miss A,China,Haikou,,F
Felix,Lee Youngbok,이용복,필릭스,9/15/2000,Stray Kids,South Korea,Sydney,,M
G-Dragon,Kwon Jiyong,권지용,지드래곤,8/18/1988,BIGBANG,South Korea,Seoul,GD&TOP,M
G.NA,Gina Jane Choi,최지나,지나,9/13/1987,,Canada,Edmonton,,F
G.O,Jung Byunghee,정병희,지오,11/6/1987,MBLAQ,South Korea,Changwon,,M
Gabin,Kim Gabin,김가빈,가빈,9/18/1989,Blady,South Korea,Busan,,F
Gaeul,Park Gaeul,박가을,가을,5/8/1999,Favorite,South Korea,Seoul,,F
Gaeun,Cho Kaeun,조가은,가은,7/28/1992,,South Korea,Changwon,,F
Gaga,Lee Soobin,이수빈,가가,11/10/1994,Gate9,South Korea,,,F
Gaga,Li Jia Jia,리 지아 지아,가가,9/1/1999,NATURE,China,,,F
Gahyeon,Lee Gahyeon,이가현,가현,2/3/1999,Dreamcatcher,South Korea,Seongnam,,F
Gain,Son Gain,손가인,가인,9/20/1987,Brown Eyed Girls,South Korea,,,F
Gaon,Beom Gaon,범가온,가온,3/9/2001,Bonus Baby,South Korea,,,F
Gayoon,Heo Gayoon,허가윤,가윤,5/18/1990,4minute,South Korea,Seoul,2YOON,F
Gayoung,Kim Gayoung,김가영,가영,12/2/1991,Stellar,South Korea,Seoul,,F
Geummi,Baek Boram,백보람,금미,6/18/1988,Crayon Pop,South Korea,Seoul,,F
Gihwan,Kim Gihwan,김기환,기환,11/24/1993,SIGNAL,South Korea,,,M
Gijung,Kim Gijung,김기중,기중,1/24/2001,IM,South Korea,,,M
Lee Gikwang,Lee Gikwang,이기광,기광,3/30/1990,Highlight,South Korea,Gwangju,,M
Giru,Park Giru,박기루,기루,8/14/1991,Blady,South Korea,Incheon,,F
Giseok,Jun Giseok,정기석,기석,5/2/1997,IM,South Korea,,,M
Gohn,Kim Dongsung,김동성,곤,8/1/1992,,South Korea,Seoul,,M
Gohyeon,Go Hyeon,고현,고현,10/1/1994,14U,South Korea,,,M
Gon,Kim Seongjung,김성중,곤,11/13/1998,ARGON,South Korea,,,M
Gongchan,Gong Chansik,공찬식,공찬,8/14/1993,B1A4,South Korea,Suncheon,,M
Gowon,Park Chaewon,박채원,고원,11/19/2000,LOONA,South Korea,,Loona yyxy,F
Gowoon,Moon Joojeong,문유정,고운,12/18/1998,Berry Good,South Korea,,,F
Gracie,Kim Gaeun,김가운,그레이시,10/28/1996,H.U.B,South Korea,,,F
Green,Kim Jiwon,김지원,지니,7/1/1997,RedSquare,South Korea,Daegu,,F
Gun,Kwak Gun,곽건,건,9/29/2001,14U,South Korea,,,M
Gun,Yang Hyuk,양혁,건,3/15/2000,ENOi,South Korea,,,M
Gunmin,Lee Gunmin,이건민,건민,10/3/1994,B.I.G,South Korea,Gangwon,,M
Gunwoo,Lee Gunwoo,이건우,건우,1/30/1989,MYNAME,South Korea,Daejeon,,M
Gyehyeon,Jo Gyehyeon,조계현,계현,5/14/1999,Verivery,South Korea,,,M
Gyeongtae,Kwon Gyeongtae,권경태,경태,7/23/2000,14U,South Korea,,,M
Gyujin,Han Gyujin,한규진,규진,11/21/1997,UP10TION,South Korea,Icheon,,M
Gyuri,Park Gyuri,박규리,규리,5/21/1988,KARA,South Korea,Seoul,,F
Gyuri,Jang Gyuri,장규리,규리,12/27/1997,fromis_9,South Korea,Seoul,,F
Habin,Yoo Habin,유하빈,하빈,3/10/2002,Dreamnote,South Korea,,,F
Haebin,Han Haebin,한해빈,해빈,8/16/1995,Gugudan,South Korea,,,F
Haechan,Lee Donghyuk,이동혁,해찬,6/6/2000,NCT,South Korea,,"NCT 127, NCT Dream",M
Haein,Yeom Haein,염해인,해인,5/19/1995,LABOUM,South Korea,Ojeonggu,,F
Haena,Lee Haena,이해나,해나,6/2/1991,Matilda,South Korea,,,F
Haena,Jeon Eunbi,전은비,해나,2/19/2002,ANS,South Korea,,,F
Haeri,Lee Haeri,이해리,해리,2/14/1985,Davichi,South Korea,Seoul,,F
Haeri,Jung Haeri,정해리,해리,1/14/1997,P.O.P,South Korea,Seoul,,F
Haeryeong,Na Haeryeong,나해령,해령,11/11/1994,BESTie,South Korea,,,F
Haeun,Yoon Haeun,윤하은,하은,3/12/1999,3YE,South Korea,,,F
Haeyeon,Lee Taeyeon,이태연,해연,1/11/1994,Gate9,South Korea,,,F
Haeyoon,Park Haeyoon,박해윤,해윤,1/10/1996,Cherry Bullet,South Korea,,,F
Hajeong,Lee Hajeong,이하정,하정,9/23/1997,,South Korea,,,F
Hakmin,Lee Hakmin,이학민,학민,9/20/2000,TRCNG,South Korea,,,M
Hamin,Jo Hamin,조하민,하민,10/24/1997,ENOi,South Korea,,,M
Han,Han Jisung,한지성,한,9/14/2000,Stray Kids,South Korea,Incheon,3RACHA,M
Han Geng,Han Geng,한경,한경,2/9/1984,,China,Mudanjiang,,M
Han Hyeri,Han Hyeri,한혜리,한혜리,8/24/1997,I.B.I,South Korea,Gwangmyeong,,F
Han Leeseul,Han Jiyoon,한지윤,한이슬,2/12/2000,Rockit Girl,South Korea,,,F
Hana,Shin Bora,신보라,하나,4/30/1993,Gugudan,South Korea,,,F
Hana,Jung Hana,정하나,하나,2/2/1990,SECRET,South Korea,Uljeongbu,,F
Hanbyeol,Ahn Hanbyeol,안한별,한별,10/13/2003,Dreamnote,South Korea,,,F
Handong,Han Dong,한동,한동,3/26/1996,Dreamcatcher,China,Wuhan,,F
Haneul,Lee Haneul,이하늘,하늘,6/3/1996,ARGON,South Korea,,,M
Hangyul,Lee Hangyul,이한결,한결,12/7/1999,X1,South Korea,,IM,M
Hani,Ahn Hee-yeon,안희연,하니,5/1/1992,EXID,South Korea,Seoul,,F
Hanna,Shin Jiyeon,신지연,한나,2/19/1994,MIXX,South Korea,,,F
Hanse,Do Hanse,도한세,한세,9/25/1997,VICTON,South Korea,,,M
Hansol,Kim Hansol,김한솔,한솔,6/15/1993,,South Korea,Busan,,M
Hara,Koo Hara,구하라,하라,1/13/1991,KARA,South Korea,Gwangju,,F
Harin,Ju Harin,주하린,주하린,3/29/1998,Onewe,South Korea,,,M
Harin,,,하린,11/21/1995,Lusty,South Korea,Seoul,,F
Harin,Park Guenhye,박근혜,하린,5/26/2000,Pink Fantasy,South Korea,,,F
Haru,Han Sangsook,한상숙,하루,7/6/1994,Gate9,South Korea,Bucheon,,F
Haru,Abe Haruno,아베 하루노,하루,2/21/2000,NATURE,Japan,,,F
Haru,Lee Yoojeong,이유정,하루,2/26/1997,Ho1iday,South Korea,,,F
Haruto,Watanabe Haruto,와타나베 하루토,하루토,4/5/2004,Treasure,Japan,,,M
Haseul,Jo Haseul,조하슬,하슬,8/18/1997,LOONA,South Korea,Ansan,Loona 1/3,F
Hayoon,Jung Hayoon,정하윤,하윤,11/21/1998,Bonus Baby,South Korea,,,F
Oh Hayoung,Oh Hayoung,오하영,하영,7/19/1996,Apink,South Korea,Seoul,,F
Hayoung,Lee Hayoung,이하영,하영,8/3/1993,Playback,South Korea,,,F
Hayoung,Choi Hayoung,최하영,하영,8/22/2000,TRCNG,South Korea,,,M
Hayoung,Song Hayoung,송하영,하영,9/29/1997,fromis_9,South Korea,Gwangju,,F
Hayun,Lee Hayun,이하윤,하윤,8/29/1994,Brave Girls,South Korea,Changwon,,F
Heechul,Kim Heechul,김희철,희철,7/10/1983,Super Junior,South Korea,Hoengseong,,M
Heechul,Jung Heechul,정희철,희철,12/9/1989,ZE:A,South Korea,Jeju,,M
Heedo,Yoon Heedo,유희도,희도,4/22/1996,B.I.G,South Korea,Seoul,,M
Heejin,Jeon Heejin,전희진,희진,10/19/2000,LOONA,South Korea,Seongnam,Loona 1/3,F
Heejin,Song Heejin,송희진,희진,8/19/1995,Good Day,South Korea,Seoul,,F
Heejoo,Jeon Heejoo,전희주,희주,11/30/1996,Ho1iday,South Korea,,,F
Heejun,Oh Heejun,오희준,희준,5/8/1996,KNK,South Korea,,,M
Heeo,Gwak Heeoh,곽히오,히오,5/2/1994,4TEN,South Korea,,,F
Heeseok,Yun Heeseok,윤희석,희석,6/10/1997,Limitless,South Korea,,,M
Heesun,Park Heesun,박희선,희선,1/25/2005,Pink Fantasy,South Korea,,,F
Heeyu,Choi Heejae,최희재,희유,6/30/1995,MIXX,South Korea,,,F
Henny,Kang Gayoung,강가영,헤니,12/1/1994,,South Korea,,,F
Henry,Henry Lau,헨리 라우,헨리,10/11/1989,Super Junior-M,Canada,Toronto,,M
Heo Chan,Heo Chan,허찬,허찬,12/14/1995,VICTON,South Korea,,,M
High.D,Kim Dohee,김도희,하이디,12/21/1996,Sonamoo,South Korea,Suwon,,F
HighTop,Lim Hyeontae,임현태,하이탑,3/19/1994,Bigflo,South Korea,,,M
Himchan,Kim Himchan,김힘찬,힘찬,4/19/1990,B.A.P,South Korea,Seoul,,M
Hitomi,Honda Hitomi,혼다 히토미,히토미,10/6/2001,IZ*ONE,Japan,Toghichi,,F
Hohyeon,Lee Hohyeon,이호현,호현,10/14/2001,TRCNG,South Korea,,,M
Hojoon,Jeon Hojoon,전호준,호준,10/31/1992,Topp Dogg,South Korea,Gwangju,,M
Hojung,Go Hojung,고호정,호정,10/20/1994,HOTSHOT,South Korea,,,M
Hongbin,Lee Hongbin,이홍빈,홍빈,9/29/1993,VIXX,South Korea,Seoul,,M
Honggi,Lee Honggi,이홍기,홍기,3/2/1990,FTISLAND,South Korea,Gwangju,,M
Hongil,Yoon Hongil,윤홍일,홍일,1/11/1999,Astin,South Korea,,,M
Hongjoong,Kim Hongjoong,김홍중,홍중,11/7/1998,ATEEZ,South Korea,,,M
Hongseob,Shim Hongseob,심홍섭,홍섭,1/8/1998,24K,South Korea,,,M
Hongseok,Yang Hongseok,양홍석,홍석,4/17/1994,PENTAGON,South Korea,,,M
Hoon,Yeo Hoonmin,여훈민,훈,8/16/1991,U-KISS,South Korea,Namyangju,,M
Hoshi,Kwon Soonyoung,권순영,호시,6/15/1996,Seventeen,South Korea,Namyangju,,M
Hoya,Lee Howon,이호원,호야,3/28/1991,,South Korea,Busan,Infinite H,M
Hoyoung,Bae Hoyoung,배호영,호영,8/10/1998,Verivery,South Korea,,,M
Hueningkai,Chung Kai,정카이,휴닝카이,8/14/2002,TXT,USA,,,M
Hui,Lee Hwitaek,이회택,후이,8/28/1993,PENTAGON,South Korea,,,M
Hui,Liang Hui,양휘,양휘,7/18/1995,24K,China,,,M
Huihyeon,Ki Huihyeon,기희현,희현,6/16/1995,DIA,South Korea,Namwon,,F
Huijun,Noh Huijun,노휘준,휘준,10/7/2003,MCND,South Korea,,,M
Hwall,Heo Hyunjoon,허현준,활,3/9/2000,The Boyz,South Korea,Busan,,M
Hwanhee,Lee Hwanhee,이환희,환희,11/6/1998,UP10TION,South Korea,Daejeon,,M
Hwani,Jo Sihyeon,조시환,화니,11/16/1994,DUSTIN,South Korea,,,M
Hwanwoong,Yeo Hwanwoong,여환웅,환웅,8/26/1998,Oneus,South Korea,,,M
Hwarang,Park Jonghan,박종찬,종찬,12/5/1995,Spectrum,South Korea,,,M
Hwasa,Ahn Hyejin,안혜진,화사,7/23/1995,Mamamoo,South Korea,Jeonju,,F
Hweseung,Yoo Hweseung,유회승,회승,2/28/1995,N.Flying,South Korea,,,M
Hwi,Jo Mingyu,조민규,휘,9/26/2002,Newkidd,South Korea,,,M
Hwiyoung,Kim Youngkyun,김영균,휘영,5/11/1999,SF9,South Korea,,,M
Hyangsuk,Lee Hyangsuk,이향숙,향숙,4/24/1991,2EYES,South Korea,Seoul,,F
Hyebin,Lee Hyebin,이혜빈,혜빈,1/12/1996,MOMOLAND,South Korea,Andong,,F
Hyebin,Im Hyebin,임혜빈,혜빈,11/10/1999,Highteen,South Korea,,,F
Hyejeong,Shin Hyejeong,신혜정,혜정,8/10/1993,AoA,South Korea,Seoul,,F
Hyeji,Jeong Hyeji,정혜지,혜지,4/2/1992,4TEN,South Korea,Seoul,,F
Hyejin,Baek Hyejin,백혜진,혜진,11/21/1996,4TEN,South Korea,Sacheon,,F
Hyejin,Kang Hyejin,강혜진,혜진,7/13/2000,CRAXY,South Korea,,,F
Hyejoo,Park Hyunjoo,박현주,혜주,1/12/1999,Highteen,South Korea,,,F
Hyemi,Pyo Hyemi,표혜미,혜미,4/3/1991,9Muses,South Korea,Gwangju,9MUSES A,F
Hyemi,Kim Hyemi,김혜미,혜미,8/10/1990,Fiestar,South Korea,Seoul,,F
Hyeoeun,Lee Hyoeun,이효은,효은,3/16/1993,Stellar,South Korea,Seoul,,F
Hyeongjun,Song Hyeongjun,송형준,형준,11/30/2002,X1,South Korea,,,M
Hyeongjun,Song Hyeongjun,송형준,형준,11/30/2002,CRAVITY,South Korea,,,M
Hyeongseo,Myeong Hyeongseo,명형서,형서,6/25/2001,Busters,South Korea,,,F
Hyeongseok,Chu Hyeongseok,추형석,형석,9/13/2000,Astin,South Korea,,,M
Hyeran,Noh Hyeran,노혜란,혜란,4/9/1993,Brave Girls,South Korea,,,F
Hyeri,Lee Hyeri,이혜리,혜리,6/9/1994,Girl's Day,South Korea,Gwangju,,F
Hyerim,Woo Hyerim,우혜림,혜림?,9/1/1992,Wonder Girls,South Korea,Seoul,,F
Hyerin,Seo Hyerin,서혜린,혜린,8/23/1993,EXID,South Korea,Gwangju,,F
Hyerin,Kim Hyerin,김혜린,혜린,6/13/1993,2EYES,South Korea,Seoul,,F
Hyeseong,Yang Hyeseon,양혜선,혜성,10/15/1999,ELRIS,South Korea,,,F
Hyewon,Kang Hyewon,강혜원,혜원,7/5/1999,IZ*ONE,South Korea,Yangsan,,F
Hyeyeon,Kang Hyeyeon,강혜연,혜연,12/8/1990,BESTie,South Korea,,,F
Hyeyeon,Cho Hyeyeon,조혜연,혜연,8/5/2000,Gugudan,South Korea,,Gugudan Oguogu,F
Hyogyeong,Jang Hyogyeong,장효경,효경,11/15/1999,ARIAZ,South Korea,,,F
Hyojin,Kim Hyojin,김효진,효진,4/22/1994,ONF,South Korea,Seoul,,M
Hyojung,Choi Hyojung,최효정,효정,7/28/1994,Oh My Girl,South Korea,Yangyang,,F
Hyomin,Park Sunyoung,박선영,효민,5/30/1989,T-ara,South Korea,Busan,,F
Hyolyn,Kim Hyojung,김효정,효린,1/11/1991,SISTAR,South Korea,,,F
Hyosun,Lim Hyosun,임효선,효선,7/10/1998,H.U.B,South Korea,,,F
Jun Hyoseong,Jun Hyoseong,전효성,효성,10/13/1989,SECRET,South Korea,Cheongju,,F
Hyoyeon,Kim Hyoyeon,김효연,효연,9/22/1989,SNSD,South Korea,Incheon,,F
Hyuk,Han Sanghyuk,한상혁,혁,7/5/1995,VIXX,South Korea,Daejeon,Big Byung,M
Hyukjin,Jang Hyukjin,장혁진,혁진,12/20/1993,100%,South Korea,Busan,,M
Hyuna,Kim Hyuna,김현아,현아,6/6/1992,4minute,South Korea,Jeolla,,F
Hyuna,Moon Hyuna,문현아,현아,1/19/1987,,South Korea,Yeosu,,F
VIINI,Kwon Hyunbin,권현빈,현빈,3/4/1997,JBJ,South Korea,Seoul,,M
Hyungsik,Park Hyungsik,박형식,형식,11/16/1991,ZE:A,South Korea,Yongin,,M
Hyungwon,Chae Hyungwon,채형원,형원,1/15/1994,MONSTA X,South Korea,Gwangju,,M
Hyunho,Lee Hyunho,이현호,현호,11/4/1998,D-CRUNCH,South Korea,,,M
Hyunjae,Lee Jaehyun,이재현,현재,9/13/1997,The Boyz,South Korea,,,M
Hyunji,Kim Hyunji,김현지,현지,6/30/1992,Hashtag,South Korea,,,F
Hyunjin,Kim Hyunjin,김현진,현진,11/15/2000,LOONA,South Korea,Jeonju,Loona 1/3,F
Hyunjin,Hwang Hyunjin,황현진,현진,3/20/2000,Stray Kids,South Korea,Seoul,,M
Hyunjoo,Lee Hyunjoo,이현주,현주,2/5/1998,UNI.T,South Korea,Seoul,,F
Hyunjun,Lee Hyunjun,이현준,현준,12/21/1999,IZ,South Korea,,,M
Hyunkyung,Kim Hyunjong,김현종,현경,9/5/1998,Romeo,South Korea,,,M
Hyunmin,Byun Hyunmin,변현민,현민,4/17/1999,,South Korea,,,M
Hyunoh,Park Hyunoh,백현우,현우,2/12/1999,D-CRUNCH,South Korea,,,M
Hyunseong,Shim Hyunseong,심현성,현성,6/9/1993,Boyfriend,South Korea,Yeongcheon,,M
Hyunseong,Go Hyunseo,고현서,현서,6/17/1999,G-reyish,South Korea,,,F
Hyunseung,Jang Hyunseung,장현승,현승,9/3/1989,,South Korea,Suncheon,Troublemaker,M
Lim Hyunsik,Lim Hyunsik,임현식,현식,3/7/1992,BtoB,South Korea,Ilsan,,M
Hyunsoo,Kim Hyunsoo,김현수,현수,4/12/1995,D1CE,South Korea,,,M
Hyunsuk,Choi Hyunsuk,최현석,현석,4/21/1999,Treasure,South Korea,Daegu,,M
Hyunsuk,Yoon Hyunsuk,윤현석,현석,9/8/2001,CIX,South Korea,,,M
Hyunuk,Han Hyunuk,한현욱,현욱,9/26/1994,IN2IT,South Korea,,,M
Hyunwoo,Kim Hyunwoo,김현우,현우,1/21/2001,TRCNG,South Korea,,,M
Hyunwoo,Baek Hyunwoo,박현오,현오,3/19/1999,D-CRUNCH,South Korea,,,M
Hyunwook,Ji Hyunwook,지현욱,현욱,7/1/1998,D-CRUNCH,South Korea,,,M
Hyunwoong,Kim Hyunwoong,김현웅,현웅,2/8/1998,14U,South Korea,,,M
Hyunyoung,Cho Hyunyoung,조현영,현영,8/11/1991,Rainbow,South Korea,Seoul,"Rainbow Blaxx, Rainbow Pixie",F
I,Cha Yoonji,차윤지,아이,12/2/1996,,South Korea,Busan,,F
I.M,Lim Changkyun,임창균,아이엠,1/26/1996,MONSTA X,South Korea,Gwangju,,M
I.N,Yang Yeongin,양정인,아이엔,2/8/2001,Stray Kids,South Korea,Busan,,M
Iaan,Yoo Dongju,유동주,이안,3/22/2002,NeonPunch,South Korea,,,F
Ilhoon,Jung Ilhoon,정일훈,일훈,10/4/1994,BtoB,South Korea,Seoul,,M
Inho,Hwang Inho,황인호,인호,6/21/1993,IN2IT,South Korea,,,M
Inpyo,Lee Inpyo,이인표,인표,8/14/1995,IN2IT,South Korea,,,M
Inseong,Kim Inseong,김인성,인성,7/12/1993,SF9,South Korea,,,M
Inseong,Jeong Inseong,정인성,인성,7/1/1994,KNK,South Korea,,,M
Insoo,Kang Insoo,강인수,인수,3/10/1988,MYNAME,South Korea,Suwon,,M
Irene,Bae Juhyun,배주현,아이린,3/29/1991,Red Velvet,South Korea,Daegu,,F
Isaac,Voo Isaak,부 아이젝,아이젝,12/12/1994,IN2IT,Malaysia,,,M
Isol,,,이솔,5/1/1997,Lusty,South Korea,Seoul,,F
IU,Lee Jieun,이지은,아이유,5/16/1993,,South Korea,Seoul,,F
J,Lee Yeji,이예지,제이,2/12/1998,ANS,South Korea,,,F
J-Hoon,Lim Junghoon,임정훈,제이훈,7/15/1990,B.I.G,South Korea,Seoul,,M
j-hope,Jung Hoseok,정호석,제이홉,2/18/1994,BTS,South Korea,Gwangju,,M
J-Kid,Han Jeonghoon,한정훈,제이키드,2/14/2000,ENOi,South Korea,,,M
J-Us,Lee Seungjoon,이승준,제이어스,1/13/1995,ONF,South Korea,Seoul,,M
J.seph,Kim Taehyung,김태형,제이셉,6/21/1992,KARD,South Korea,,,M
J.YOU,Kim Jaeyu,김제유,제유,11/2/2000,TOO,South Korea,,,M
Jackson,Jackson Wang,잭슨 왕,잭슨,3/28/1994,GOT7,Hong Kong,Hong Kong,,M
Jacob,Bae Joonyoung,배준영,제이콥,5/30/1997,The Boyz,South Korea,Toronto,,M
Jacob,Zhang Peng,장펑,제이콥,9/7/1996,VAV,China,,,M
Jae,Park Jaehyung,박제형,제이,9/15/1992,DAY6,South Korea,Buenos Aires,,M
Jaebin,Deung Bin,등빈,재빈,2/13/1997,VARSITY,China,Hunan,,M
Jaechan,Park Jaechan,박재찬,재찬,12/6/2001,Dongkiz,South Korea,,,M
Jaehan,Kim Jaehan,김재한,재한,7/1/1995,Spectrum,South Korea,,,M
Jaehee,Lee Jaehee,이재희,재희,3/18/2004,Weeekly,South Korea,,,F
Jaeho,Kim Jaeho,김재호,재호,9/17/1992,HISTORY,South Korea,,,M
Kim Jaehwan,Kim Jaehwan,김재환,재환,5/27/1996,Wanna One,South Korea,Seoul,,M
Jaehyo,Ahn Jaehyo,안재효,재효,12/23/1990,Block B,South Korea,Busan,,M
Jaehyuk,Yoon Jaehyuk,윤재혁,재혁,7/23/2001,Treasure,South Korea,,,M
Jaehyun,Jung Yoonoh,정윤오,재현,2/14/1997,NCT,South Korea,Seoul,"NCT U, NCT 127",M
Jaehyun,Kim Jaehyun,김재현,재현,7/15/1994,N.Flying,South Korea,Seoul,,M
Jaehyun,Bong Jaehyun,봉재현,재현,1/4/1999,Golden Child,South Korea,,,M
Jaejin,Lee Jaejin,이재진,재진,12/17/1991,FTISLAND,South Korea,Cheongju,,M
Jaejoong,Kim Jaejoong,김재중,재중,1/26/1986,JYJ,South Korea,Gongju,,M
Jaekyung,Kim Jaekyung,김재경,재경,12/24/1988,Rainbow,South Korea,Seoul,Rainbow Blaxx,F
Jaemin,Na Jaemin,나재민,재민,8/13/2000,NCT,South Korea,,NCT Dream,M
Jaeseok,Park Jaeseok,박재석,재석,11/20/1995,,South Korea,,,M
Jaeun,Ha Jaeun,한재운,재운,9/28/1999,ARGON,South Korea,,,M
Jaeyoon,Lee Jaeyoon,이재윤,재윤,8/9/1994,SF9,South Korea,,,M
Jaeyun,Lee Jaeyun,이재윤,이재윤,8/16/2000,TOO,South Korea,,,M
Jamie,Park Jimin,박지민,박지민,7/5/1997,15&,South Korea,Junggu,,F
Jane,Sung Jiyeon,성지연,제인,12/20/1997,MOMOLAND,South Korea,Changwon,,F
Jangjun,Lee Jangjun,이장준,장준,3/3/1997,Golden Child,South Korea,,,M
Jason,Kim Byeongkwan,김병관,제이슨,8/13/1996,A.C.E,South Korea,Seoul,,M
Jay,Kim Jinhwan,김진환,제이,2/7/1994,iKON,South Korea,Jeju,,M
JB,Im Jaebum,임재범,제이비,1/6/1994,GOT7,South Korea,Goyang,,M
Jea,Kim Hyojin,김효진,제아,9/18/1981,Brown Eyed Girls,South Korea,,,F
Jeewon,Kim Jiwon,김지원,지원,4/1/1999,Cignature,South Korea,Busan,,F
Jehyun,Moon Jehyun,문제현,제현,4/20/1999,1TEAM,South Korea,,,M
Jei,Kim Jinhee,김진희,재이,9/5/1989,Fiestar,South Korea,Bucheon,,F
Jen,Kim Yehyeon,김예현,젠,3/27/1997,UNVS,South Korea,,,M
Taeyang,Kim Taeyang,김태양,제니씨,8/2/1991,,South Korea,Seoul,,M
Jennie,Kim Jennie,김제니,제니,1/16/1996,BLACKPINK,South Korea,Anyang,,F
Jenny,Lee Soyul,이소율,제니,9/4/1996,DIA,South Korea,Seoul,,F
Jeno,Lee Jeno,이제노,제노,4/23/2000,NCT,South Korea,,NCT Dream,M
Jeon Woong,Jeon Woong,전웅,전웅,10/15/1997,AB6IX,South Korea,,,M
Jeonghan,Yoon Jeonghan,윤정한,정한,10/4/1995,Seventeen,South Korea,Seoul,,M
Jeonghee,Go Jeonghee,고정희,정희,3/11/2000,Favorite,South Korea,Incheon,,F
Jeongkyun,Jeong Jeongkyun,정정균,정균,11/27/1987,,South Korea,,,M
Jeongmin,Lee Jeongmin,이정민,정민,2/1/1994,Boyfriend,South Korea,Suwon,,M
Jeongseung,Park Jeongseung,박정승,정승,5/20/2002,D-CRUNCH,South Korea,,,M
Jeonguk,Kim Jeonguk,김정욱,정욱,3/20/1993,24K,South Korea,Busan,,M
Jeongwoo,Park Jeongwoo,박정우,정우,9/28/2004,Treasure,South Korea,,,M
Jeongyeon,Yoo Jeongyeon,유정연,정연,11/1/1996,Twice,South Korea,Suwon,,F
Jeonyul,Jeon Yuri,전유리,전율,3/20/1994,Stellar,South Korea,Seoul,,F
Jerome,Oh Sungmin,오성민,제롬,8/25/2001,TOO,South Korea,,,M
Jerrry,Ahn Sohyun,안소현,제리,8/27/1992,Tahiti,South Korea,Seoul,,F
Jessica,Jessica Jung,제시카 정,제시카,4/18/1989,,South Korea,,,F
Ji Hansol,Ji Hansol,지한솔,지한솔,11/21/1994,Newkidd,South Korea,Busan,,M
Jia,Meng Jia,멍지아,지아,2/3/1989,miss A,China,Changja,,F
Jiae,Yoo Jiae,유지애,지애,5/21/1993,Lovelyz,South Korea,Seoul,,F
Jiae,Kim Jiae,김지애,지애,10/31/1995,Wassup,South Korea,,,F
Jiahn,Yoo Jiahn,유지안,지안,4/1/1992,IN2IT,South Korea,,,M
Jibeom,Kim Jibeom,김지범,지범,2/3/1999,Golden Child,South Korea,,,M
Song Jieun,Song Jieun,송지은,지은,5/5/1990,SECRET,South Korea,Seoul,,F
Jihan,Han Jihyo,한지효,지한,7/12/2004,Weeekly,South Korea,,,F
Jiheon,Baek Jiheon,백지헌,지헌,4/17/2003,fromis_9,South Korea,Jeolla,,F
Jiho,Kim Jiho,김지호,지호,4/4/1997,Oh My Girl,South Korea,Okcheon,,F
Jihoo,Lim Soojung,임수정,지후,8/5/1998,IZ,South Korea,,,M
Park Jihoon,Park Jihoon,박지훈,지훈,5/29/1999,Wanna One,South Korea,Masan,,M
Jihoon,Park Jihoon,박지훈,지훈,3/14/2000,Treasure,South Korea,Busan,,M
Jihun,Kim Jihun,김지훈,지훈,1/9/2000,TRCNG,South Korea,Daegu,,M
Jihun,Kim Jihun,김지훈,지훈,2/20/1995,KNK,South Korea,,,M
Jihyo,Park Jisoo,박지수,지효,2/1/1997,Twice,South Korea,Guri,,F
Jihyun,Nam Jihyun,남지현,지현,1/9/1990,4minute,South Korea,Seoul,,F
Jimin,Shin Jimin,신지민,지민,1/8/1991,AoA,South Korea,Seoul,AOA BLACK,F
Jimin,Park Jimin,박지민,지민,10/13/1995,BTS,South Korea,Busan,,M
JIN,Park Myungeun,박명은,진,6/12/1996,Lovelyz,South Korea,Busan,,F
Jin,Kim Seokjin,김석진,진,12/4/1992,BTS,South Korea,Gwacheon,,M
Jin Jin,Park Jinwoo,박진우,진진,3/15/1996,ASTRO,South Korea,Nowon,,M
JinE,Shin Hyejin,신혜진,진이,1/22/1995,,South Korea,Pohang,,F
Jingyu,Lee Jingyu,이진규,진규,4/22/1998,Astin,South Korea,,,M
Jinho,Jo Jinho,조진호,조진호,4/17/1992,PENTAGON,South Korea,,,M
Jinhong,Kim Jinhong,김진홍,진홍,1/2/1998,24K,South Korea,Seoul,,M
Jinhoo,Kim Jinwook,김진욱,진후,8/2/1995,UP10TION,South Korea,Changwon,,M
Jinhui,,,진희,11/21/1996,Lusty,South Korea,Seongnam,,F
Jinju,Park Jinju,박진주,진주,4/28/1990,,South Korea,,,F
Jinkwon,Kim Jinkwon,김진권,진권,1/31/2001,Newkidd,South Korea,,,M
Jinny,Park Jinhee,박진희,지니,1/19/1998,SECRET NUMBER,South Korea,California,,F
Jinsol,Lee Jinsol,이진솔,진솔,12/4/2001,APRIL,South Korea,Andong,,F
JinSoul,Jung Jinsol,정진솔,진솔,6/13/1997,LOONA,South Korea,,Loona Odd Eye Circle,F
Jinsung,Jung Jinsung,정진성,진성,3/30/2002,1the9,South Korea,Seoul,,M
Jinwoo,Kim Jinwoo,김진우,진우,9/26/1991,WINNER,South Korea,Imja,,M
Jinwoo,Lee Jinwoo,이진우,진우,2/20/1996,1TEAM,South Korea,,,M
Jinwoo,Park Jinwoo,박진우,진우,1/12/2000,ENOi,South Korea,,,M
Jinwoo,Lee Jinwoo,이진우,진우,9/13/2004,TEEN TEEN,South Korea,,,M
Jinyoung,Jung Jinyoung,정진영,진영,11/18/1991,B1A4,South Korea,Chungju,,M
Jinyoung,Park Jinyoung,박진영,진영,9/22/1994,GOT7,South Korea,Changwon,,M
Jinyoung,Bae Jinyoung,배진영,진영,5/10/2000,CIX,South Korea,Seoul,,M
Jinyoung,Woo Jinyoung,우진영,진영,5/31/1997,D1CE,South Korea,,,M
Jisan,Choi Jinsang,최지상,지산,11/3/1999,Hot Blood Youth,South Korea,,,M
Jisoo,Seo Jisoo,서지수,지수,2/11/1994,Lovelyz,South Korea,Incheon,,F
Jisoo,Kim Jisoo,김지수,지수,1/3/1995,BLACKPINK,South Korea,Seoul,,F
Jisoo,Shin Jisoo,신지수,지수,2/28/1994,Tahiti,South Korea,Chuncheon,,F
Jisoo,Jung Jisoo,정지수,지수,11/22/2003,Busters,South Korea,,,F
Jisook,Kim Jisook,김지숙,지숙,7/18/1990,Rainbow,South Korea,Suwon,Rainbow Pixie,F
Jisu,Choi Jisu,최지수,지수,1/19/2000,TOO,South Korea,,,M
Jisun,Roh Jisun,노지선,지선,11/23/1998,fromis_9,South Korea,Seoul,,F
Jisun,Hwang Jisun,황지선,지선,10/17/1989,S#aFLA,South Korea,,,F
Jisung,Park Jisung,박지성,지성,2/5/2002,NCT,South Korea,,NCT Dream,M
Jisung,Yoon Jisung,윤지성,지성,3/8/1991,Wanna One,South Korea,Wonju,,M
Jisung,Kim Jisung,김지성,지성,12/21/2000,TRCNG,South Korea,,,M
Jiu,Kim Minji,김민지,지유,5/17/1994,Dreamcatcher,South Korea,Daejeon,,F
Jiwon,Yang Jiwon,양지원,지원,4/5/1988,UNI.T,South Korea,Seoul,SPICA-S,F
Jiwon,Park Jiwon,박지원,지원,3/20/1998,fromis_9,South Korea,Busan,,F
Jiwon,Heo Jiwon,허지원,지원,9/4/2000,Cherry Bullet,South Korea,,,F
Jiwoo,Jeon Jiwoo,전지우,지우,10/4/1996,KARD,South Korea,,,F
Jiyeon,Park Jiyeon,박지연,지연,6/7/1993,T-ara,South Korea,Seoul,,F
Jenyer,Jeon Jiyoon,전지윤,지윤,10/15/1990,4minute,South Korea,Seoul,2YOON,F
Jiyoon,Woo Jiyoon,우지윤,지윤,1/6/1996,Bolbbalgan4,South Korea,Yeongju,,F
Jiyoon,Shin Jiyoon,신지윤,지윤,3/2/2002,Weeekly,South Korea,,,F
Jiyou,Im Changsook,임창숙,지유,6/15/1989,Two X,South Korea,,,F
Jiyoung,Kang Jiyoung,강지영,지영,1/18/1994,,South Korea,Paju,,F
Jiyoung,Ahn Jiyoung,안지영,지영,9/14/1995,Bolbbalgan4,South Korea,Yeongju,,F
Jiyul,Yang Jungyoon,양정윤,지율,7/30/1991,,South Korea,Seoul,,F
JJ,Jun Jihyeok,전진혁,제이제이,12/11/1998,DUSTIN,South Korea,,,M
JK,Kim Jikang,김지강,지강,3/17/1998,Girlkind,South Korea,,,F
Johnny,John Seo,존 서,쟈니,2/9/1995,NCT,USA,Chicago,NCT 127,M
Johyun,Shin Jiwon,신지원,조현,4/14/1996,Berry Good,South Korea,,,F
Jongho,Choi Jongho,최종호,종호,10/12/2000,ATEEZ,South Korea,,,M
Jonghoon,Choi Jonghoon,최종훈,종훈,3/7/1990,FTISLAND,South Korea,Seoul,,M
Jonghwan,Jo Jonghwan,조종환,종환,11/23/1992,100%,South Korea,Seoul,,M
Jonghyeong,Kim Jonghyeong,김종형,종형,4/13/2002,Dongkiz,South Korea,,,M
Jong-hyun,Kim Jonghyun,김종현,종현,4/8/1990,SHINee,South Korea,Seoul,,M
Jonghyun,Lee Jonghyun,이종현,종현,5/15/1990,CNBLUE,South Korea,Busan,,M
Moon Jongup,Moon Jongup,문종업,종업,2/6/1995,B.A.P,South Korea,Seoul,,M
JOO,Jung Minjoo,정민주,주,10/11/1990,,South Korea,Seoul,,F
Joo E,Lee Joowon,이주원,주이,8/18/1999,MOMOLAND,South Korea,Bucheon,,F
Jooan,Im Jimyoung,임지명,주안,10/4/1996,We In The Zone,South Korea,Dongtan,,M
Joochan,Hong Joochan,홍주찬,주찬,7/31/1999,Golden Child,South Korea,,,M
Jooheon,Lee Jooheon,이주헌,주헌,10/6/1994,MONSTA X,South Korea,Daegu,,M
Jooyeon,Lee Jooyeon,이주연,주연,3/19/1987,,South Korea,Seoul,,F
Joshua,Hong Jisoo,홍지수,조슈아,12/30/1995,Seventeen,USA,Los Angeles,,M
Joy,Park Sooyoung,박수영,조이,9/3/1996,Red Velvet,South Korea,Jeju,,F
JR,Kim Jonghyun,김종현,제이알,6/8/1995,NU'EST,South Korea,Gangwon,NU'EST W,M
Ju-ne,Koo Junhoe,구준회,준회,3/31/1997,iKON,South Korea,Seoul,,M
Jueun,Lee Jooeun,이주은,주은,7/7/1995,DIA,South Korea,Suwon,BinChaenHyunSeuS,F
Jueun,Jo Jueun,조주은,주은,1/27/2001,ARIAZ,South Korea,,,F
Juhaknyeon,Ju Haknyeon,주학년,주학년,3/9/1999,The Boyz,South Korea,Jeju,,M
Juju,Park Juyoung,박주영,쥬쥬,1/3/1996,Gate9,South Korea,Changwon,,F
Jun,Weng Junhui,원쥔훼이,준,6/10/1996,Seventeen,China,Shenzen,,M
Jun,Lee Junyoung,이준영,준,1/22/1997,U-KISS,South Korea,,,M
Jun,Park Junhee,박준희,준,6/2/1994,A.C.E,South Korea,Jeolla,,M
Jun H.,Im Joonhyun,임준현,준현,8/28/1991,UNVS,South Korea,,,M
Jun. K,Kim Minjun,김민준,준케이,1/15/1988,2PM,South Korea,Daegu,,M
Jungah,Kim Jungah,김정아,정아,8/2/1983,,South Korea,Incheon,,F
Junghoon,Lee Junghoon,이정훈,정훈,7/4/2000,1TEAM,South Korea,,,M
Junghun,Jang Junghun,장정훈,정훈,2/27/1999,Astin,South Korea,,,M
Junghwa,Park Junghwa,박정화,정화,5/8/1995,EXID,South Korea,Anyang,,F
Jungkook,Jeon Jungkook,전정국,정국,9/1/1997,BTS,South Korea,Busan,,M
Jungmo,Koo Jungmo,구정모,정모,2/5/2000,CRAVITY,South Korea,,,M
Jungshin,Lee Jungshin,이정신,정신,9/15/1991,CNBLUE,South Korea,,,M
Jungwoo,Kim Jungwoo,김정우,정우,2/19/1998,NCT,South Korea,,,M
Jungwoo,Uhm Jungwoo,엄정우,정우,4/2/1999,BVNDIT,South Korea,,,F
Junho,Lee Junho,이준호,준호,1/25/1990,2PM,South Korea,Ilsan,,M
Junho,Cha Junho,차준호,준호,7/9/2002,X1,South Korea,,,M
Junhyeok,Kim Junhyeok,임준혁,준혁,7/17/1993,,South Korea,,,M
Junhyuk,Choi Junhyuk,최준혁,준혁,4/21/1992,HOTSHOT,South Korea,Ulsan,,M
Yong Junhyung,Yong Junyung,용준형,준형,12/19/1989,Highlight,South Korea,Seoul,,M
Junji,Kim Junhyung,김준형,준지,4/6/1998,OnlyOneOf,South Korea,,,M
Junkyu,Kim Junkyu,김준규,준규,9/9/2000,Treasure,South Korea,,,M
JunQ,Kang Junkyu,강준규,준규,8/9/1993,MYNAME,South Korea,Uljeongbu,,M
Junseo,Kim Junseo,김준서,준서,11/20/2001,1the9,South Korea,Ulsan,,M
Junwook,Kim Junwook,김준욱,준욱,1/10/2002,TheEastLight,South Korea,,,M
Junyoung,Lee Junyoung,이준영,준영,9/23/2000,IZ,South Korea,,,M
Juri,Takahashi Juri,타카하시 쥬리,쥬리,10/3/1997,Rocket Punch,Japan,,,F
Juyeon,Lee Juyeon,이주연,주연,1/16/1998,The Boyz,South Korea,,,M
K.Me,Na Miri,나미리,케이미,4/10/1992,BADKIZ,South Korea,Yeosu,,F
Kady,Gu Dokyoung,구도경,케이디,4/7/1995,Gate9,South Korea,Busan,,F
Kaeun,Lee Kaeun,이가은,가은,8/20/1994,After School,South Korea,Seoul,,F
Kahi,Park Jiyoung,박지영,가희,12/25/1980,,South Korea,Daegu,,F
Kai,Kim Jongin,김종인,카이,1/14/1994,EXO,South Korea,Suncheon,SuperM,M
Kain,Bang Junho,방준호,카인,3/25/1997,ARGON,South Korea,,,M
Kanghyun,Kang Hyungu,강현구,강현,11/24/1998,Onewe,South Korea,,,M
Kangin,Kim Youngwoon,김영운,강인,1/17/1985,,South Korea,Seoul,,M
Kangmin,Kim Kangmin,김강민,강민,11/13/2001,TRCNG,South Korea,,,M
Kangmin,Noh Kangmin,노강민,강민,9/5/1999,Romeo,South Korea,,,M
Kangmin,Yoo Kangmin,유강민,강민,1/25/2003,Verivery,South Korea,,,M
Karin,Min Karin,민가린,가린,1/5/2002,ELRIS,South Korea,,,F
Karin,Baek Yerin,백예린,카린,4/23/2000,CRAXY,South Korea,,,F
KB,Shin Kyubin,신규빈,규빈,4/23/1994,OnlyOneOf,South Korea,,,M
Kei,Kim Jiyeon,김지연,케이,3/20/1995,Lovelyz,South Korea,Incheon,,F
Keina,Lee Yoona,이유나,케이나,2/12/1999,H.U.B,South Korea,,,F
Ken,Lee Jaehwan,이재환,켄,4/6/1992,VIXX,South Korea,Seoul,,M
Kenta,Takada Kenta,타카다 켄타,켄타,1/10/1995,JBJ,Japan,Fujioka,,M
Keonhee,Lee Keonhee,김건희,건희,6/27/1998,Oneus,South Korea,,,M
Keumjo,Lee Keumjo,이금조,금조,12/17/1992,9Muses,South Korea,Daegu,9MUSES A,F
Kevin,Christopher Woo,크리스토퍼 우,케빈,11/25/1991,U-KISS,USA,Los Angeles,,M
Kevin,Kevin Jiyeop Kim,케빈 지엽 킴,케빈,2/23/1988,ZE:A,South Korea,Sydney,,M
Kevin,Moon Hyungseo,문형서,케빈,2/23/1998,The Boyz,Canada,,,M
Key,Kim Kibum,김기범,키,9/23/1991,SHINee,South Korea,Daegu,Toheart,M
Kiara,Baek Jinjoo,백진주,키아라,8/20/1998,,South Korea,,,F
Kibum,Kim Kibum,김기범,기범,8/21/1987,,South Korea,Seoul,,M
Kichun,Hwang Kichun,황기천,기천,3/14/1992,,South Korea,,,M
Kid,Kim Junhoe,김준회,키드,10/26/1995,VARSITY,South Korea,,,M
Kidoh,Jin Hyosang,진효상,키도,12/16/1992,,South Korea,Seoul,,M
Kihyun,Yoo Kihyun,유기현,기현,11/22/1993,MONSTA X,South Korea,Goyang,,M
Kim Lip,Kim Jungeun,김정은,김립,2/10/1999,LOONA,South Korea,,Loona Odd Eye Circle,F
Kim Sanggyun,Kim Sanggyun,김상균,김상균,5/23/1995,JBJ95,South Korea,Gwangju,JBJ,M
Kim Sohee,Kim Sohee,김소희,김소희,1/20/1995,I.B.I,South Korea,Busan,C.I.V.A,F
Kim Yoon,Kim Seongsu,김성수,김윤,2/17/1994,DUSTIN,South Korea,,,M
Kino,Kang Hyungku,강형구,키노,1/27/1998,PENTAGON,South Korea,,,M
Kiseop,Lee Kiseop,이기섭,기섭,1/17/1991,U-KISS,South Korea,Seongnam,,M
Kisu,Choi Kisu,최기수,기수,10/2/1990,24K,South Korea,Seoul,,M
Kiwon,Lee Kiwon,이기원,기원,6/27/1996,GIDONGDAE,South Korea,,,M
Kokoro,Kato Kokoro,카토 코코로,코코로,11/1/2000,,Japan,,,F
Kongyeol,Go Minsoo,고민수,고결,5/19/1996,UP10TION,South Korea,Bucheon,,M
Kongyoo,Kong Yoojin,공유진,공유,5/11/2001,Bonus Baby,South Korea,,,F
Kookheon,Kim Kookheon,김국헌,국헌,4/15/1997,B.O.Y,South Korea,,,M
Kriesha Chu,Kriesha Ziskind Teo Tiu,크리샤 지스킨드 테오 티우,크리샤 츄,12/20/1998,,Philippines,Cebu,,F
Kris,Wu Yifan,오역범,크리스,11/6/1990,,Canada,Guangzhou,,M
Krystal,Krystal Jung,크리스탈 정,크리스탈,10/24/1994,f(x),South Korea,San Francisco,,F
Kuhn,Noh Sooil,노수일,쿤,11/11/1995,UP10TION,South Korea,Ansan,,M
Kun,Qian Kun,첸쿤,쿤,1/1/1996,NCT,China,,,M
Kwanghee,Hwang Kwanghee,황광희,광희,8/25/1988,ZE:A,South Korea,Paju,,M
Kwangjin,Kwon Kwangjin,권광진,광진,8/12/1992,N.Flying,South Korea,Seoul,,M
Kwangmin,Jo Kwangmin,조광민,광민,4/24/1995,Boyfriend,South Korea,Anyang,,M
Kyeongheon,Yoon Kyeongheon,윤경헌,경헌,1/6/1998,We In The Zone,South Korea,Suncheon,,M
Kyla,Kyla Massie,카일라 매시,카일라,12/26/2001,Pristin,USA,California,,F
Kyle,Ma Jaekyung,마재경,카일,1/15/1997,Romeo,South Korea,,,M
Kyuhwan,Lee Kyuhwan,이규환,규환,9/18/1994,SIGNAL,South Korea,,,M
Kyuhyuk,Shim Kyuhyuk,심규혁,규혁,1/11/1995,Hot Blood Youth,South Korea,,,M
Kyuhyun,Cho Kyuhyun,조규현,규현,2/3/1988,Super Junior,South Korea,Seoul,Super Junior-M,M
Kyulkyung,Zhou Jieqiong,저우제충,결경,12/16/1998,Pristin,China,Taizhou,"I.O.I, Pristin V",F
Kyungho,Jang Kyungho,장경호,경호,5/7/2001,TOO,South Korea,,,M
Kyungil,Song Kyungil,송경일,경일,11/28/1987,HISTORY,South Korea,,,M
Kyungri,Park Kyungri,박경리,경리,7/5/1990,9Muses,South Korea,Busan,9MUSES A,F
Kyungyoon,Lee Kyungyoon,이경윤,경윤,2/21/2000,Dongkiz,South Korea,,,M
L,Kim Myungsoo,김명수,엘,3/13/1992,Infinite,South Korea,Seoul,Infinite F,M
L.Joe,Lee Byunghun,이병헌,엘조,11/23/1993,Teen Top,South Korea,Gunsan,,M
Lai Kuanlin,Lai Kuanlin,라이관린,라이관린,9/23/2001,Wanna One,Taiwan,New Taipei,,M
Laon,Shin Kyuhyun,신규현,라온,12/19/1995,ENOi,South Korea,,,M
Lara,Moon Shinae,문신애,라라,8/9/2000,Dreamnote,South Korea,,,F
Laun,Kim Minseok,김민석,라운,8/12/1999,,South Korea,Seongsan,,M
Lay,Zhang Yixing,장이씽,레이,10/7/1991,EXO,China,Changsa,,M
Layeon,Lee Jimin,이지민,라연,8/13/1998,Purplebeck,South Korea,,,F
LE,Ahn Hyejin,안효진,엘리,12/10/1991,EXID,South Korea,Cheonan,,F
Lea,Ogawa Mizuki,오가와 미즈키,레아,8/12/1995,SECRET NUMBER,Japan,Tokyo,,F
Lee Haein,Lee Haein,이해인,이해인,7/4/1992,I.B.I,South Korea,Changwon,,F
Lee Hoo,Moon Junyoung,문준영,,2/9/1989,ZE:A,South Korea,Seoul,,M
Lee Joon,Lee Changseon,이창선,이준,2/7/1988,,South Korea,Seoul,,M
Lee Know,Lee Minho,이민호,리노,10/25/1998,Stray Kids,South Korea,Gimpo,,M
Lee Suhyun,Lee Suhyun,이수현,이수현,11/5/1996,I.B.I,South Korea,Ansan,,F
Leedo,Kim Geonhak,김건학,이도,7/26/1997,Oneus,South Korea,,,M
Leeteuk,Park Jeongsu,박정수,이특,7/1/1983,Super Junior,South Korea,Seoul,,M
Lena,Kang Rena,강레나,레나,4/17/2002,GWSN,South Korea,,,F
Leo,Jung Taekwon,정택운,레오,11/10/1990,VIXX,South Korea,Seoul,VIXX LR,M
Lex,Jeon Hyungmin,전형민,렉스,1/12/1993,Bigflo,South Korea,,,M
Lia,Choi Jisu,최지수,리아,7/21/2000,ITZY,South Korea,,,F
Lime,Kim Hyerim,김혜림,라임,1/19/1993,Hello Venus,South Korea,,,F
Lin Lin,Huang Ziting,황자정,린린,7/5/2003,,Taiwan,,,F
Lina,Oh Sejin,오세진,리나,7/27/1997,ANS,South Korea,,,F
Lina,Oh Hyesoo,오혜수,리나,5/23/1997,RedSquare,South Korea,,,F
Linzy,Im Minji,임민지,린지,10/22/1989,Fiestar,South Korea,Incheon,,F
Lisa,Pranpriya Manoban,쁘란쁘리야 마노반,리사,3/27/1997,BLACKPINK,Thailand,Bangkok,,F
Liyah,Moon Liya,문리야,리야,5/11/2000,MIXX,South Korea,,,F
Lizzy,Park Sooyoung,박수영,리지,7/31/1992,After School,South Korea,Busan,Orange Caramel,F
Loha,Kang Yejin,강예진,로하,12/27/2001,Nature,South Korea,,,F
Longguo,Jin Longguo,진룽궈,룽궈,3/2/1996,JBJ,China,Heilong,,M
Lou,Kim Hosung,김호성,로우,12/21/1996,VAV,South Korea,,,M
Loudi,Won Jihoon,원지훈,로우디,4/13/1996,14U,Indonesia,,,M
Love,Park Jisung,박지성,러브,1/17/1994,OnlyOneOf,South Korea,,,M
Lu,Im Hayoung,임하영,루,12/3/1997,NATURE,South Korea,,,F
LuA,Jo Hankyeung,조한경,루아,9/14/1991,BADKIZ,South Korea,Busan,,F
Lua,Kim Sookyung,김수경,루아,10/6/2000,Weki Meki,South Korea,,,F
Lucas,Wong Junghei,웡육헤이,루카스,1/25/1999,NCT,Hong Kong,,SuperM,M
Lucy,Noh Hyojung,노효정,루시,8/31/2002,Weki Meki,South Korea,Goyang,,F
Lucy,Kim Daeun,김대은,루시,4/9/2004,woo!ah!,South Korea,,,F
Luda,Lee Luda,이루다,루다,3/6/1997,Cosmic Girls,South Korea,Seoul,WJMK,F
Luha,Lee Gyeonghun,이경훈,루하,2/15/1993,14U,South Korea,,,M
Luhan,Lu Han,루한,루한,4/20/1990,,China,Haidian,,M
Luna,Park Sunyoung,박선영,루나,8/12/1993,f(x),South Korea,Seoul,,F
Manny,Syo Dongchun,쇼동청,만니,11/17/2001,VARSITY,China,,,M
Marco,Lee Hyunggeun,이형근,마르코,5/11/1994,Hot Blood Youth,South Korea,,,M
Mark,Mark Lee,마크 리,마크,8/2/1999,NCT,Canada,Vancouver,"NCT U, NCT 127, NCT Dream, SuperM",M
Mark,Mark Yien Tuan,마크 이엔 투안,마크,9/4/1993,GOT7,USA,Los Angeles,,M
Mashiho,Takata Mashiho,타카타 마시호,마시호,3/25/2001,Treasure,Japan,,,M
Max Changmin,Shin Changmin,심창민,최강창민,2/18/1988,TVXQ,South Korea,Seoul,,M
May,Jeong Chaeyoung,정채영,메이,7/27/2001,NeonPunch,South Korea,,,F
May,Hirokawa Mao,히로카와 마오,메이,11/16/2004,Cherry Bullet,Japan,,,F
Medic Jin,Bae Yujin,배유진,메딕진,8/8/1996,Girlkind,South Korea,,,F
Meiqi,Meng Meiqi,멍메이치,미기,10/15/1998,Cosmic Girls,China,Luoyang,,F
Mia,Son Hyunmi,손현미,미아,12/31/1997,MIXX,South Korea,,,F
Mia,Han Eunji,한은지,미아,1/13/2000,Everglow,South Korea,,,F
Mijoo,Lee Mijoo,이미주,미주,9/23/1994,Lovelyz,South Korea,Okcheon,,F
Miko,Matsuda Miko,마츠다 미코,미코,10/28/1995,Honey Popcorn,Japan,,,F
Mill,Lee Yongsoo,이용수,밀,3/30/1999,OnlyOneOf,South Korea,,,M
Milo,Kim Minhak,김민학,마일로,8/20/1996,Romeo,South Korea,,,M
Mimi,Jung Mimi,정미미,미미,1/1/1993,Gugudan,South Korea,,,F
Mimi,Kim Mihyun,김미현,미미,5/1/1995,Oh My Girl,South Korea,Jeju,,F
Min,Lee Minyoung,이민영,민,6/21/1991,miss A,South Korea,Seoul,,F
Min,Lee Mincheon,이민천,민,10/16/1997,We In The Zone,South Korea,Seoul,,M
Mina,Kwon Mina,권민아,민아,9/21/1993,,South Korea,Busan,,F
Mina,Myoui Mina,묘이 미나,미나,3/24/1997,Twice,Japan,San Antonio,,F
Mina,Kang Mina,강미나,미나,12/4/1999,Gugudan,South Korea,Icheon,Gugudan Oguogu,F
Minah,Bang Minah,방민아,민아,5/13/1993,Girl's Day,South Korea,Incheon,,F
Minchan,Hong Minchan,홍민찬,민찬,9/16/1998,Verivery,South Korea,,,M
Mingi,Son Mingi,송민기,민기,8/9/1999,ATEEZ,South Korea,,,M
Mingyu,Kim Mingyu,김민규,민규,4/6/1997,Seventeen,South Korea,Anyang,,M
Minha,Park Minha,박민하,민하,6/27/1991,,South Korea,Seoul,,F
Minhee,Joo Minhee,주민희,민희,1/3/1993,Stellar,South Korea,Seoul,,F
Minhee,Kang Minhee,강민희,민희,9/17/2002,X1,South Korea,,,M
Minhee,Kang Minhee,강민희,민희,9/17/2002,CRAVITY,South Korea,,,M
Minho,Choi Minho,최민호,민호,12/9/1991,SHINee,South Korea,Incheon,,M
Minhwan,Choi Minhwan,최민환,민환,9/11/1992,FTISLAND,South Korea,Seoul,,M
HUTA,Lee Minhyuk,이민혁,민혁,11/29/1990,BtoB,South Korea,Seoul,,M
Minhyuk,Lee Minhyuk,이민혁,민혁,11/3/1993,MONSTA X,South Korea,,,M
Minhyuk,Kang Minhyuk,강민혁,민혁,6/28/1991,CNBLUE,South Korea,Ilsan,,M
Minhyuk,Kim Minhyuk,김민혁,민혁,11/6/1999,D-CRUNCH,South Korea,,,M
Minhyun,Hwang Minhyun,황민현,민현,8/9/1995,NU'EST,South Korea,Busan,NU'EST,M
Mini,,,민이,6/12/2000,Purplebeck,South Korea,,,F
Minjae,Seong Minjae,성민재,민재,12/18/1994,Sonamoo,South Korea,Busan,,F
Minjae,Shin Minjae,신민재,민재,8/13/1991,Tahiti,South Korea,Busan,,F
Minjae,Jo Minjae,조민재,민재,8/8/1994,Spectrum,South Korea,,,M
Minjae,Song Minjae,송민재,민재,8/23/2003,MCND,South Korea,,,M
Minji,Kim Minji,김민지,민지,1/16/2001,Busters,South Korea,,,F
Minjoo,Kim Minjoo,김민주,민주,2/5/2001,IZ*ONE,South Korea,Seoul,,F
Minju,Kang Minjoo,강민주,민주,3/11/2001,GWSN,South Korea,,,F
Minjung,Cha Minjung,차민정,민정,7/15/2004,,South Korea,,,F
Minkyung,Kang Minkyung,강민경,민경,8/3/1990,Davichi,South Korea,Goyang,,F
Minnie,Nicha Yontararak,니차 욘타라락,민니,10/23/1997,(G)I-DLE,Thailand,,,F
MINO,Song Minho,송민호,민호,3/30/1993,WINNER,South Korea,Yongin,,M
Minpyo,Gook Minpyo,국민표,민표,11/15/1994,B.I.G,South Korea,Gwangju,,M
Minseo,Kim Minseo,김민서,민서,8/12/2004,woo!ah!,South Korea,,,F
Minsu,Park Minsu,김민수,민수,4/15/1993,Boys Republic,South Korea,Gwangju,,M
Minsu,Kim Minsu,김민수,민수,3/20/2000,TOO,South Korea,,,M
Minsung,Kim Minhwi,김민휘,민성,12/24/1996,Romeo,South Korea,,,M
Minwoo,No Minwoo,노민우,민우,7/31/1995,Boyfriend,South Korea,Anyang,,M
Minwoo,Ha Minwoo,하민우,민우,9/6/1990,ZE:A,South Korea,Yangsan,,M
Minwoo,Seo Minwoo,서민우,민우,2/8/1985,100%,South Korea,Daegu,,M
Minyoung,Kim Minyeong,김민영,민영,9/12/1990,Brave Girls,South Korea,Seongnam,,F
Minzy,Kong Minji,공민지,민지,1/18/1994,2NE1,South Korea,,,F
Mir,Bang Cheolyong,방철용,미르,3/10/1991,MBLAQ,South Korea,Bukhamyeon,,M
Mir,Lee Yoonsang,이윤상,미르,3/6/2000,Astin,South Korea,,,M
Mirae,Kim Kyungjoo,김경주,미래,3/26/1998,,South Korea,,,F
Miryo,Jo Mihye,조미혜,미료,11/2/1981,Brown Eyed Girls,South Korea,,,F
Miso,Park Miso,박미소,미소,4/4/1991,Tahiti,South Korea,Gwangju,,F
Miso,Park Jihyun,박지현,미소,9/16/1996,P.O.P,South Korea,Busan,,F
Miso,Jeon Jimin,전지민,미소,10/25/2000,Dreamnote,South Korea,,,F
Miya,Miyauchi Haruka,미야우치 하루카,미야,5/26/1993,GWSN,Japan,,,F
Miyeon,Jo Miyeon,조미연,미연,1/31/1997,(G)I-DLE,South Korea,,,F
MJ,Kim Myungjun,김명준,엠제이,3/5/1994,ASTRO,South Korea,Nowon,,M
MK,Park Minkyun,박민균,엠케이,11/16/1995,ONF,South Korea,Ilsan,,M
Moko,Sakura Moko,사쿠라 모코,모코,3/19/1991,Honey Popcorn,Japan,,,F
Momo,Hirai Momo,히라이 모모,모모,11/9/1996,Twice,Japan,Kyoto,,F
Monday,Kim Jimin,김지민,먼데이,5/10/2002,Weeekly,South Korea,,,F
Monika,Kang Yeh,강예,모니카,5/21/1991,BADKIZ,South Korea,Seoul,,F
Moon Bin,Moon Bin,문빈,문빈,1/26/1998,ASTRO,South Korea,Cheongju,,M
Moonbyul,Moon Byulyi,문별이,문별,12/22/1992,Mamamoo,South Korea,Bucheon,,F
Moonhee,Choi Moonhee,최문희,문희,4/15/1997,Bonus Baby,South Korea,,,F
Moonvok,Jang Moonvok,장문복,문복,4/11/1995,Limitless,South Korea,,,M
Munik,Jang Moonik,장문익,문익,3/20/2001,Dongkiz,South Korea,,,M
N,Cha Hakyeon,차학연,엔,6/30/1990,VIXX,South Korea,Changwon,Big Byung,M
Nada,Yoon Yejin,윤예진,나다,5/24/1991,,South Korea,,,F
Naeun,Son Naeun,손나은,나은,2/10/1994,Apink,South Korea,Seoul,,F
Naeun,Lee Naeun,이나은,나은,5/5/1999,APRIL,South Korea,Daejeon,,F
Nahyun,Kim Nahyun,김나현,나현,12/9/1995,Sonamoo,South Korea,Seoul,,F
Nako,Yabuki Nako,야부키 나코,나코,6/18/2001,IZ*ONE,Japan,Tokyo,,F
Nakta,Shin Yooncheol,신윤철,낙타,4/24/1993,,South Korea,Daegu,,M
Nakyung,Lee Nakyung,이나경,나경,6/1/2000,fromis_9,South Korea,Mungyeong,,F
Namjoo,Kim Namjoo,김남주,남주,4/15/1995,Apink,South Korea,Seoul,,F
Nana,Im Jinah,임진아,나나,9/14/1991,After School,South Korea,Cheongju,Orange Caramel,F
Nana,Kwon Nayeon,권나연,우연,3/9/2001,woo!ah!,South Korea,,,F
Nancy,Nancy Mcdonie,낸시 맥다니,낸시,4/13/2000,MOMOLAND,South Korea,Daegu,,F
Nara,Kwon Nara,권나라,나라,3/13/1991,Hello Venus,South Korea,Seongnam,,F
Narachan,Jung Hyunwoo,정현우,나라찬,9/23/1996,MONT,South Korea,,,M
Narae,Park Narae,박나래,나래,2/23/1988,SPICA,South Korea,Incheon,SPICA-S,F
Nari,Kim Nari,김나리,나리,10/5/1992,Wassup,South Korea,,,F
Narsha,Park Hyojin,박효진,나르샤,12/28/1981,Brown Eyed Girls,South Korea,,,F
Nayeon,Im Nayeon,임나연,나연,9/22/1995,Twice,South Korea,Seoul,,F
Nayoung,Kim Nayoung,김나영,나영,11/23/1995,Gugudan,South Korea,,,F
Nayoung,Im Nayoung,임나영,나영,12/18/1995,Pristin,South Korea,Chungcheongham,"I.O.I, Pristin V",F
Nayun,Kim Nayun,김나윤,나윤,7/31/1998,MOMOLAND,South Korea,Seoul,,F
NC.A,Im Soeun,임소은,앤씨아,10/7/1996,UNI.T,South Korea,Osan,,F
New,Choi Chanhee,최찬희,뉴,4/26/1998,The Boyz,South Korea,Jeonju,,M
New Sun,Choi Yoonsun,최윤선,뉴썬,6/19/1997,Sonamoo,South Korea,,,F
Nichkhun,Nichkhun Horvejkul,닛차쿤 허라웻차꾼,닉쿤,6/24/1988,2PM,Thailand,California,,M
Nicole,Nicole Jung,정니콜,니콜,10/7/1991,,South Korea,Los Angeles,,F
Niel,Ahn Daniel,안다니엘,니엘,8/16/1994,Teen Top,South Korea,Anyang,,M
Nine,Jung Wookjin,정욱진,나인,12/13/1999,OnlyOneOf,South Korea,,,M
Noeul,No Eul,노을,노을,5/10/1989,Rainbow,South Korea,Jeonju,,F
O.V,Kim Sanchan,김상찬,오뷔,1/3/1999,D-CRUNCH,South Korea,,,M
Olivia Hye,Son Hyeju,손혜주,올리비아 혜,11/13/2001,LOONA,South Korea,,Loona yyxy,F
Onda,Jo Selim,조세림,온다,5/18/2000,Everglow,South Korea,,,F
Onejunn,Jo Wonjun,조원준,원준,11/22/1988,Boys Republic,South Korea,Changwon,,M
Onew,Lee Jinki,이진기,온유,12/14/1989,SHINee,South Korea,Gwangmyeong,,M
P-Goon,Park Sehyuk,박세혁,피군,10/18/1991,,South Korea,Seoul,,M
P.O,Pyo Jihoon,표지훈,피오,2/2/1993,Block B,South Korea,Seoul,Bastarz,M
Park Kyung,Park Kyung,박경,박경,7/8/1992,Block B,South Korea,Seoul,,M
Peniel (BtoB),Shin Donggeun,신동근,프니엘,3/10/1993,BtoB,South Korea,Chicago,,M
PSY,Park Jaesang,박재상,싸이,12/31/1977,,South Korea,Seoul,,M
Q,Ji Changmin,지창민,큐,11/5/1998,The Boyz,South Korea,,,M
Qri,Lee Jihyun,이지현,큐리,12/12/1986,T-ara,South Korea,Goyang,,F
Rachel,Sung Nayeon,성나연,레이첼,8/28/2000,APRIL,South Korea,,,F
Rain,Jung Jihoon,정지훈,비,6/25/1982,,South Korea,Seosan,,M
Raina,Oh Hyerin,오혜린,레이나,5/7/1989,After School,South Korea,Ulsan,Orange Caramel,F
Raon,Lee Seoyoung,이서영,라온,1/21/2000,ANS,South Korea,,,F
Ravi,Kim Wonsik,김원식,라비,2/15/1993,VIXX,South Korea,Seoul,VIXX LR,M
Ravn,Kim Yoongjo,김영조,레이븐,9/2/1995,Oneus,South Korea,,,M
Raychan,Lee Heechan,이휘찬,레이찬,4/18/1996,Limitless,South Korea,,,M
Red,Lee Heejin,이희진,빨강,7/10/1991,Pungdeng-E,South Korea,Daegu,,F
Remi,Katsuno Rise,카츠노 리세,레미,4/26/2001,Cherry Bullet,Japan,,,F
Ren,Choi Minki,최민기,렌,11/3/1995,NU'EST,South Korea,Busan,NU'EST W,M
Rena,Kang Yebin,강예빈,레나,10/19/1998,Hinapia,South Korea,,Pristin V,F
Renjun,Hwang Renjun,황런쥔,런쥔,3/23/2000,NCT,China,Jilin,NCT Dream,M
Ricky,Yoo Changhyun,유창현,리키,2/27/1995,Teen Top,South Korea,Seoul,,M
Rie,Lee Seungho,이성호,리에,11/6/1996,OnlyOneOf,South Korea,,,M
Riho,Jin Seungwook,진승욱,리호,3/1/1998,VARSITY,South Korea,Incheon,,M
Rina,Kang Soeun,강소은,리나,9/27/2001,Weki Meki,South Korea,,,F
Rio,Son Gwanghyuk,손광혁,리오,7/16/1999,14U,South Korea,,,M
RM,Kim Namjoon,김남준,알엠,9/12/1994,BTS,South Korea,Ilsan,,M
Roa,Kim Minkyung,김민경,로아,7/29/1997,Hinapia,South Korea,,Pristin V,F
Rocky,Park Minhyuk,박민혁,라키,2/25/1999,ASTRO,South Korea,Jinju,,M
Roda,Shin Joongmin,신중민,로다,9/19/1998,MONT,South Korea,,,M
Roel,Kim Sunho,김선호,로엘,2/13/1997,ARGON,South Korea,,,M
Rokhyun,Kim Rokhyun,김록현,록현,2/10/1991,100%,South Korea,Suncheon,,M
Ron,Cheon Byeonghwa,천병화,론,1/22/1991,Bigflo,South Korea,,,M
Ros?,Roseanne Park,로잔느 박,로제,2/11/1997,BLACKPINK,South Korea,Auckland,,F
Rowoon,Kim Seokwoo,김석우,로운,8/7/1996,SF9,South Korea,,,M
Royeon,Jeon Hyunjoo,전현주,로연,2/20/1998,ANS,South Korea,,,F
Rubin,Lee Haejoon,이해준,루빈,8/16/1995,1TEAM,South Korea,,,M
Rui,Watanabe Rui,와타나베 루이,루이,10/8/1994,H.U.B,Japan,,,F
Ryeowook,Kim Ryeowook,김려욱,려욱,6/21/1987,Super Junior,South Korea,Incheon,Super Junior-M,M
Ryujin,Shin Ryujin,신류진,류진,4/17/2001,ITZY,South Korea,,,F
S.Coups,Choi Seungcheol,최승철,에스.쿱스,8/8/1995,Seventeen,South Korea,Daegu,,M
Saebom,Kim Saerok,김새록,새봄,1/30/1997,NATURE,South Korea,,,F
Saebom,Kim Seyoung,김세영,새봄,1/13/1995,Favorite,South Korea,Gwacheon,,F
Saebyeok,Shim Jaeyoung,심재영,새벽,11/9/1996,Ho1iday,South Korea,,,F
Saebyeol,Han Saebyeol,한새별,새별,5/23/1996,Matilda,South Korea,,,F
Saerom,Lee Saerom,이새롬,새롬,1/7/1997,fromis_9,South Korea,Gangwon,,F
Sakang,Jeon Sakang,정사강,사강,10/26/2002,TheEastLight,South Korea,,,M
Sakura,Miyawaki Sakura,미야와키 사쿠라,사쿠라,3/19/1998,IZ*ONE,Japan,Kagoshima,,F
Sally,Liu Xiening,류셰닝,샐리,10/23/1996,Gugudan,China,Guangdong,,F
Sam Kim,Samuel Kim,김사무엘,사무엘,1/17/2002,,South Korea,Los Angeles,,M
San,Choi San,최산,산,7/10/1999,ATEEZ,South Korea,,,M
Sana,Minatozaki Sana,미나토자키 사나,사나,12/29/1996,Twice,Japan,Osaka,,F
Sandeul,Lee Junghwan,이정환,산들,3/20/1992,B1A4,South Korea,Busan,,M
Sanga,Lee Sanga,이상아,상아,8/5/1999,Pink Fantasy,South Korea,,,F
Sangdo,Yoo Sangdo,유상도,상도,3/2/1993,Topp Dogg,South Korea,Incheon,,M
Sangho,Jo Sangho,조상호,상호,2/10/1995,SNUPER,South Korea,Changwon,,M
Sanghoon,Lee Sanghoon,이상훈,상훈,12/23/1993,,South Korea,Cheongju,,M
Sangil,Shim Sangil,심상일,상일,5/1/1993,SNUPER,South Korea,Seoul,,M
Sangmin,Kim Sangmin,김상민,상민,7/7/1992,CROSS GENE,South Korea,Jinju,,M
Sangyeon,Lee Sangyeon,이상연,상연,11/4/1996,The Boyz,South Korea,,,M
Sanha,Yoon Sanha,윤산하,산하,3/21/2000,ASTRO,South Korea,Seoul,,M
Sea,Kim Sujeong,김수정,세아,12/5/1999,Highteen,South Korea,,,F
Sebin,Jang Sebin,장세빈,세빈,4/24/1996,SNUPER,South Korea,Pocheon,,M
Seea,Kang Eunyoung,강은영,시아,8/21/1994,Pink Fantasy,South Korea,,,F
Sehun,Oh Sehun,오세훈,세훈,4/12/1994,EXO,South Korea,Seoul,,M
Sehyung,Kang Sehyung,강세형,세형,12/13/1998,Berry Good,South Korea,,,F
Sei,Lee Seojung,이서정,세이,1/7/2000,Weki Meki,South Korea,,,F
Sejeong,Kim Sejeong,김세정,세정,8/28/1996,Gugudan,South Korea,,,F
Sejin,Lee Sejin,이세진,세진,7/22/1999,14U,South Korea,,,M
Sejun,Lim Sejun,임세준,세준,5/4/1996,VICTON,South Korea,,,M
Seline,Jung Yeonjeong,정연정,셀린,7/20/2000,Cignature,South Korea,,,F
Semi,Gu Semi,구세미,세미,4/10/2002,Cignature,South Korea,,,F
Semmi,Oh Heesun,오희선,세미,10/22/1995,Matilda,South Korea,,,F
Seogoong,Park Hyunho,박현호,서궁,5/1/1992,,South Korea,Seongnam,,M
Seoham,Park Seoham,박서함,서함,10/28/1993,KNK,South Korea,,,M
Seoho,Lee Seoho,이서호,서호,7/7/1996,Oneus,South Korea,,,M
Seohyun,Seo Joohyun,서주현?,서현?,6/28/1991,SNSD,South Korea,Seoul,TTS,F
Seokcheol,Lee Seokchul,이석철,석철,1/11/2000,TheEastLight,South Korea,,,M
Seokyoung,Kim Seokyung,김서경,서경,4/16/1999,GWSN,South Korea,,,F
Seol,Min Jihye,민지혜,설,1/1/1997,P.O.P,South Korea,Gunsan,,F
Seola,Kim Hyunjung,김현정,설아,12/24/1994,Cosmic Girls,South Korea,Seoul,WJMK,F
Seolhyun,Kim Seolhyun,김설현,설현,1/3/1995,AoA,South Korea,Bucheon,,F
Seonghwa,Park Seonghwa,박성화,성화,4/3/1998,ATEEZ,South Korea,Jinju,,M
Seonglee,Kim Seonglee,김성리,성리,4/6/1994,,South Korea,,,M
Seongmin,Ahn Seongmin,안성민,성민,8/1/2003,CRAVITY,South Korea,,,M
Ong Seung Wu,Ong Seunwu,옹성우,성우,8/25/1995,Wanna One,South Korea,Incheon,,M
Seoryoung,Lee Seoryung,이서령,서령,1/26/2000,GWSN,South Korea,,,F
Seoyeon,Lee Seoyeon,이서연,서연,1/22/2000,fromis_9,South Korea,Seoul,,F
Seoyeon,Kim Minju,김민주,서연,11/26/1995,Favorite,South Korea,Gwacheon,,F
Seoyoung,Lee Seoyoung,이서영,서영,6/27/1994,Hello Venus,South Korea,,,F
Seoyul,Seo Yuri,서유리,서율,11/26/1997,Berry Good,South Korea,,,F
Serim,Park Serim,박세림,세림,3/3/1999,CRAVITY,South Korea,,,M
Serri,Park Miyeon,박미연,세리,9/16/1990,Dal Shabet,South Korea,Seoul,,F
Seulgi,Kang Seulgi,강슬기,슬기,2/10/1994,Red Velvet,South Korea,Seoul,,F
Seulgi,Jeong Seulgi,정슬기,슬기,5/12/1990,S#aFLA,South Korea,,,F
Seungah,Oh Seungah,오승아,승아,9/13/1988,Rainbow,South Korea,Seoul,"Rainbow Blaxx, Rainbow Pixie",F
Seungbo,Jung Seungbo,정승보,승보,11/1/1997,VARSITY,South Korea,Ilsan,,M
Seungchan,Kang Seungchan,강승찬,승찬,1/1/2003,Newkidd,South Korea,,,M
Seungeun,Shim Seungeun,심승은,승은,12/27/2000,BVNDIT,South Korea,,,F
Seunghan,Lee Seunghan,이승한,승한,2/22/1996,DUSTIN,South Korea,,,M
Seunghee,Oh Seunghee,오승희,승희,10/10/1995,CLC,South Korea,Gwangju,,F
Seunghee,Hyun Seunghee,현승희,승희,1/25/1996,Oh My Girl,South Korea,Chuncheon,,F
Seungho,Yang Seungho,양승호,승호,10/16/1987,MBLAQ,South Korea,Seoul,,M
Seunghoon,Lee Seunghoon,이승훈,승훈,1/11/1992,WINNER,South Korea,Busan,,M
Seunghun,Kim Seunghun,김승훈,승훈,2/26/1999,CIX,South Korea,,,M
Seunghwan,Lee Seunghwan,이승환,승환,12/10/1994,Romeo,South Korea,,,M
Seunghwan,Lee Seunghwan,이승환,승환,5/20/2000,1the9,South Korea,,,M
Seunghyub,Lee Seunghyub,이승협,승협,10/31/1992,N.Flying,South Korea,Daegu,,M
Seunghyun,Song Seungyun,송승현,승현,8/21/1992,FTISLAND,South Korea,Seoul,,M
Seunghyun,Lee Seunghyun,이승현,승현,12/31/2001,TheEastLight,South Korea,,,M
Seungjun,Ji Seungjun,지승준,승준,9/15/1998,Astin,South Korea,,,M
Seungkwan,Boo Seungkwan,부승관,승관,1/16/1998,Seventeen,South Korea,Jeju,,M
Seungmin,Bae Seungmin,배승민,승민,10/13/1998,Golden Child,South Korea,,,M
Seungmin,Kim Seungmin,김승민,승민,9/22/2000,Stray Kids,South Korea,Seoul,,M
Seungmin,Lee Seungmin,이승민,승민,2/3/1996,Hashtag,South Korea,,,F
Seungri,Lee Seunghyun,이승현,승리,12/12/1990,BIGBANG,South Korea,Gwangju,,M
Seungsik,Kang Seungsik,강승식,승식,4/16/1995,VICTON,South Korea,,,M
Seungwoo,Han Seungwoo,한승우,승우,12/24/1994,X1,South Korea,,VICTON,M
Seungyeon,Jang Seunyeon,장승연,승연,11/6/1996,CLC,South Korea,Seongnam,,F
Seungyeon,Han Seungyeon,한승연,승연,7/24/1988,KARA,South Korea,Seoul,,F
Seungyoon,Kang Seungyoon,강승윤,승윤,1/21/1994,WINNER,South Korea,Busan,,M
Seungyoon,Cho Seungyoon,조승연,승연,8/5/1996,X1,South Korea,,UNIQ,M
Seyeon,Park Seyeon,박세연,세연,5/6/2001,Purplebeck,South Korea,,,F
Seyong,Kim Seyong,김세용,세용,11/20/1991,MYNAME,South Korea,Busan,,M
Seyoung,Lee Seyoung,이세영,세영,2/8/1990,CROSS GENE,South Korea,Busan,,M
Shihyun,Kim Shihyun,김시현,시현,5/6/1998,We In The Zone,South Korea,Changwon,,M
Shin,Shin Wonho,신원호,신,10/23/1991,CROSS GENE,South Korea,Seoul,,M
Shindong,Shin Donghee,신동희,신동,9/28/1985,Super Junior,South Korea,Mungyeong,,M
Shinwon,Go Shinwon,고신원,신원,12/11/1995,PENTAGON,South Korea,,,M
Shinyoung,Park Shinyoung,박신영,신영,3/19/2000,G-reyish,South Korea,,,F
Shownu,Son Hyunwoo,손현우,셔누,6/18/1992,MONSTA X,South Korea,,,M
Shuhua,Yeh Shuhua,예슈화,슈화,1/6/2000,(G)I-DLE,Taiwan,,,F
Sihyeon,Kim Sihyeon,김시현,시현,8/5/1999,Everglow,South Korea,,,F
Sihyeon,Kang Sihyeon,강시현,시현,7/15/1998,ARIAZ,South Korea,,,F
Sihyoung,Kim Sihyoung,김시형,시형,5/15/1992,HISTORY,South Korea,Busan,,M
Sihyun,Park Sihyun,박시현,시현,11/29/1986,SPICA,South Korea,,SPICA-S,F
Sika,Ren Shika,렌 시카,시카,8/22/1995,FANATICS,China,,,F
Simyeong,Lee Simyeong,이시명,시명,5/27/1999,BVNDIT,South Korea,,,F
SinB,Hwang Eunbi,황은비?,신비,6/3/1998,Gfriend,South Korea,Cheongju,,F
Siu,Hwang Inseok,황인석,시우,5/19/1995,DUSTIN,South Korea,,,M
Siwan,Yim Siwan,임시완,시완,12/1/1988,ZE:A,South Korea,Busan,,M
Siwon,Choi Siwon,최시원,시원,4/7/1986,Super Junior,South Korea,Seoul,Super Junior-M,M
Siwoo,Yoo Siwoo,유시우,시우,5/11/2001,TRCNG,South Korea,,,M
Siyeon,Lee Siyeon,이시연,시연,10/1/1995,Dreamcatcher,South Korea,Daegu,,F
Soeun,Park Soeun,박소은,소은,10/26/2002,Weeekly,South Korea,,,F
So-hee,Kim Sohee,김소희,소희,12/31/1999,ELRIS,South Korea,,,F
Sohee,Kim Sohee,김소희,소희,8/14/2003,Rocket Punch,South Korea,,,F
Sohye,Kim Sohye,김소혜,소혜,7/19/1999,,South Korea,Seoul,,F
Sohyun,Kwon Sohyun,권소현,소현,8/30/1994,4minute,South Korea,Seoul,,F
Sojin,Park Sojin,박소진,소진,5/21/1986,Girl's Day,South Korea,Daegu,,F
Sojin,Jo Sojin,조소진,소진,10/11/1991,9Muses,South Korea,Gwangju,9MUSES A,F
Sojin,Hong Sojin,홍소진,소진,9/24/1999,Hashtag,South Korea,,,F
Sojung,Lee Sojung,이소정,소정,9/3/1993,Ladies' Code,South Korea,Wonju,,F
Solar,Kim Yongsun,김용선,솔라,2/21/1991,Mamamoo,South Korea,Seoul,,F
Solbin,Ahn Solbin,안솔빈,솔빈,8/19/1997,LABOUM,South Korea,Ojeonggu,,F
Solji,Heo Solji,허솔지,솔지,1/10/1989,EXID,South Korea,Seongnam,,F
Somi,Jeon Somi,전소미,소미,3/9/2001,,South Korea,Ontario,,F
Somin,Jang Somin,장소민,소민,11/10/1993,BADKIZ,South Korea,Gwangmyeon,,F
Somin,Jeon Somin,전소민,소민,8/22/1996,KARD,South Korea,Seoul,,F
Somyi,Ahn Somyi,안솜이,솜이,1/26/2000,DIA,South Korea,Changwon,L.U.B,F
Song,Song Yunhyeong,송윤형,송,2/8/1995,iKON,South Korea,,,M
Songhee,Yoon Songhee,윤송희,송희,11/8/1998,BVNDIT,South Korea,,,F
Songyee,Park Songyee,박송이,송이,9/25/2004,woo!ah!,South Korea,,,F
Soobin,Park Soobin,박수빈,수빈,9/14/1996,Cosmic Girls,South Korea,Seoul,,F
Soobin,Choi Soobin,최수빈,수빈,12/5/2000,TXT,South Korea,,,M
Soodam,Lee Soodam,이수담,수담,11/9/1999,SECRET NUMBER,South Korea,,,F
Soohyun,Shin Soohyun,신수현,수현,3/11/1989,U-KISS,South Korea,Pocheon,,M
Soojin,Seo Soojin,서수진,수진,3/9/1998,(G)I-DLE,South Korea,,,F
Soojin,Lee Soojin,이수진,수진,12/12/2001,Weeekly,South Korea,,,F
Sooyoung,Choi Sooyoung,최수영?,수영?,2/10/1990,SNSD,South Korea,Gwangju,,F
Sora,Sakata Sora,사카타 소라,소라,8/30/2003,woo!ah!,Japan,,,F
Sorn,Chonnasorn Sajakul,촌나손 사짜꾼,손,11/18/1996,CLC,Thailand,Bangkok,,F
Soso,Wang Chingyi,왕징이,소소,3/14/2001,GWSN,Taiwan,,,F
Sowon,Kim Sojung,김소정,소원,12/7/1995,Gfriend,South Korea,Seoul,,F
Soyee,Jang Sojin,장소진,소이,11/21/1996,Gugudan,South Korea,,,F
Soyeon,Jung Soyeon,정소연,소연,5/4/1994,LABOUM,South Korea,Gwangju,,F
Soyeon,Park Soyeon,박소연,소연,10/5/1987,T-ara,South Korea,Andong,,F
Jeon Soyeon,Jeon Soyeon,전소연,소연,8/26/1998,(G)I-DLE,South Korea,,,F
Soyou,Kang Jihyun,강지현,소유,2/12/1992,SISTAR,South Korea,,,F
Soyoung,Yoo Soyoung,유소영,소영,3/29/1996,,South Korea,Seoul,,F
Soyul,Park Hyekyeong,박혜경,소율,5/15/1991,Crayon Pop,South Korea,Seoul,,F
St. Van,Lee Geumhyuk,이금혁,세인트 반,12/22/1991,VAV,South Korea,,,M
Sua,Kim Bora,김보라,수아,8/10/1994,Dreamcatcher,South Korea,Changwon,,F
Sua,Yang Sua,양수아,수아,3/24/1995,Hashtag,South Korea,Gwangju,,F
DALsooobin,Park Subin,박수빈,수빈,2/12/1994,Dal Shabet,South Korea,Gwangju,,F
Subin,Jung Subin,정수빈,수빈,4/5/1999,VICTON,South Korea,,,M
Subin,Oh Subin,오수빈,수빈,9/30/1998,Hashtag,South Korea,,,F
Suga,Min Yoongi,민윤기,슈가,3/9/1993,BTS,South Korea,Daegu,,M
Sugyeong,Jo Sugyeong,조수경,수경,1/12/2000,Favorite,South Korea,Haenam,,F
Suho,Kim Junmyeon,김준면,수호,5/22/1991,EXO,South Korea,Seoul,,M
Suhyeon,Kim Seunghyun,김승현,수현,4/19/1988,S#aFLA,South Korea,,,F
Suhyun,Choi Hyunggeun,최형근,수현,10/1/1992,SNUPER,South Korea,Bucheon,,M
Ryu Sujeong,Ryu Sujeong,류수정,수정,11/19/1997,Lovelyz,South Korea,Daejeon,,F
Suji,Lee Suji,이수지,수지,3/20/1998,UNI.T,South Korea,Busan,,F
Sujin,Bang Sujin,방수진,수진,6/26/1996,Wassup,South Korea,,,F
Sulli,Choi Jinri,최진리,설리,3/29/1994,,South Korea,Busan,,F
Sumin,Ji Sumin,지수민,수민,3/3/1994,Sonamoo,South Korea,Yongin,,F
Sumin,Park Sumin,박수민,수민,9/9/2001,Dreamnote,South Korea,,,F
Sun J,Jeon Heesun,전희선,썬제이,2/13/2001,Girlkind,South Korea,,,F
Sungah,Son Sungah,손성아,성아,7/8/1989,9Muses,South Korea,Suma,,F
Sunghyuk,Seo Sunghyuk,서성혁,성혁,8/26/1999,,South Korea,,,M
Sunghyun,Kim Sunghyun,김성현,성현,3/16/1996,IN2IT,South Korea,,,M
Sungjae,Yook Sungjae,육성재,성재,5/2/1995,BtoB,South Korea,Yongin,Big Byung,M
Sungjin,Park Sungjin,박성진,성진,2/16/1993,DAY6,South Korea,,,M
Sungjong,Lee Sungjong,이성종,성종,9/3/1993,Infinite,South Korea,Gwangju,Infinite F,M
Sungjoo,Kim Sungjoo,김성주,성주,2/16/1994,UNIQ,South Korea,,,M
Sungjun,Park Sungjun,박성준,성준,12/17/1992,Boys Republic,South Korea,Ansan,,M
Sungkyu,Kim Sungkyu,김성규,성규,4/28/1989,Infinite,South Korea,Jeonju,,M
Sungmin,Lee Sungmin,이성민,성민,1/1/1986,Super Junior,South Korea,Gyeonggi,Super Junior-M,M
Sungmin,Oh Sungmin,오성민,성민,12/31/1990,Bigflo,South Korea,,,M
Sungoh,Yoo Sungoh,유성오,성오,1/8/1991,,South Korea,,,M
Sungwon,Park Sungwon,박성원,성원,12/18/2003,1the9,South Korea,Seoul,,M
Sungwoon,Ha Sungwoon,하성운,성운,3/22/1994,Wanna One,South Korea,Goyang,HOTSHOT,M
Sungyeol,Lee Sungyeol,이성열,성열,8/27/1991,Infinite,South Korea,Yongin,Infinite F,M
Sungyeon,Bae Sungyeon,배성연,성연,5/25/1999,Pristin,USA,California,,F
Sunhwa,Han Sunhwa,한선화,선화,10/6/1990,,South Korea,Busan,,F
Sunmi,Lee Sunmi,이선미,선미,5/2/1992,Wonder Girls,South Korea,Iksan,,F
Sunn,Hwang Jiwon,황지원,선,2/7/2000,Cignature,South Korea,Jincheon,,F
Sunny,Lee Sunkyu,이순규?,써니,5/15/1989,SNSD,South Korea,California,,F
Sunshine,Kim Minjung,김민정,선샤인,6/20/2002,NATURE,South Korea,,,F
Sunwoo,Choi Sunwoo,최선우,선우,3/12/1992,Boys Republic,South Korea,Seoul,,M
Sunwoo,Kim Sunwoo,김선우,선우,4/12/2000,The Boyz,South Korea,,,M
Sunyoul,Seon Yein,선예인,선율,11/6/1996,UP10TION,South Korea,Wando,,M
Surin,Kim Surin,김수린,수린,12/27/1991,Two X,South Korea,,,F
Suwoong,Lee Suwoong,이수웅,수웅,1/20/1995,Boys Republic,South Korea,,,M
Suyeon,Ji Suyeon,지수연,수연,4/20/1997,Weki Meki,South Korea,,,F
Suyun,Kim Suyun,김수윤,수윤,3/17/2001,Rocket Punch,South Korea,,,F
Suzy,Bae Suji,배수지,수지,10/10/1994,miss A,South Korea,Gwangju,,F
Swan,Kim Suan,김수안,수안,12/28/2000,CRAXY,South Korea,,,F
T.O.P,Choi Seunghyun,최승현,탑,11/4/1987,BIGBANG,South Korea,Seoul,GD&TOP,M
Taecyeon,Ok Taecyeon,옥택연,택연,12/27/1988,2PM,South Korea,Busan,,M
Taedong,Kim Taedong,김태동,태동,11/7/1997,GIDONGDAE,South Korea,,,M
Taeeun,Moon Taeeun,문태은,태은,2/9/2000,IM,South Korea,,,M
Taeha,Yoo Taeha,유태하,태하,10/5/1995,Berry Good,South Korea,,,F
Taeha,Kim Taeha,김태하,태하,6/3/1998,MOMOLAND,South Korea,Jeonju,,F
Taeheon,Kim Taeheon,김태헌,태헌,6/18/1989,ZE:A,South Korea,Gwangju,,M
Taehyun,Nam Taehyun,남태현,태현,5/10/1994,,South Korea,Hanam,,M
Taehyun,Noh Taehyun,노태현,태현,10/15/1993,HOTSHOT,South Korea,Seoul,JBJ,M
Taehyun,Kang Taehyun,강태현,태현,2/5/2002,TXT,South Korea,,,M
Taeil,Lee Taeil,이태일,태일,9/24/1990,Block B,South Korea,Seoul,,M
Taeil,Moon Taeil,문태일,태일,6/14/1994,NCT,South Korea,Seoul,"NCT U, NCT 127",M
Taekhyeon,Jung Taekhyeon,정택현,택현,7/28/2003,1the9,South Korea,Gunpo,,M
Taemin,Lee Taemin,이태민,태민,7/18/1993,SHINee,South Korea,Seoul,SuperM,M
Taera,Lee Yujin,이유진,태라,4/12/1994,Gate9,South Korea,Incheon,,F
Taeseon,Yang Taeseon,양태선,태선,9/17/2000,TRCNG,South Korea,,,M
Taesung,Lee Taesung,이태승,태승,12/19/2003,TEEN TEEN,South Korea,,,M
Taewoo,Kim Taewoo,김태우,태우,4/23/1999,1the9,South Korea,,,M
Taewoong,Yoo Taewoong,유태웅,태웅,5/24/1994,SNUPER,South Korea,,,M
Taeyang,Dong Youngbae,동영배,태양,5/18/1988,BIGBANG,South Korea,Uljeongbu,,M
Taeyang,Yoo Taeyang,유태양,태양,2/28/1997,SF9,South Korea,,,M
Taeyeon,Kim Taeyeon,김태연,태연,3/9/1989,SNSD,South Korea,Jeonju,"TTS, Oh!GG",F
Taeyong,Lee Taeyong,이태용,태용,7/1/1995,NCT,South Korea,,"NCT U, NCT 127,SuperM",M
Taeyoung,Kim Taeyoung,김태영,태영,1/27/2003,CRAVITY,South Korea,,,M
TAG,Son Youngtaek,손영택,태그,4/13/1998,Golden Child,South Korea,,,M
Takuya,Terada Takuya,테라다 타쿠야,타쿠야,3/18/1992,CROSS GENE,Japan,Moriya,,M
Tao,Hwang Zitao,황자도,타오,5/2/1993,,China,Qingdao,,M
Taro,Choi Wonjin,최원진,타로,11/9/1994,Hot Blood Youth,South Korea,,,M
Ten,Chittaphon Leechaiyapornkul,칫따폰 리차이야뽄꾼,텐,2/27/1996,NCT,Thailand,Bangkok,"NCT U,SuperM",M
Terry,Han Dasom,한다솜,테리,2/2/1998,,South Korea,,,F
The8,Xu Minghao,쉬밍하오,디에잇,11/7/1997,Seventeen,China,Anshan,,M
Thunder,Park Sanghyun,박상현,천둥,10/7/1990,,South Korea,Busan,,M
Tiffany,Hwang Miyoung,황미영,티파니,8/1/1989,SNSD,South Korea,San Francisco,TTS,F
Timoteo,Kim Moongyu,김문규,티모테오,1/25/1993,HOTSHOT,South Korea,,,M
Tina,Christine Joy Park,크리스틴 조이 박,티나,9/1/1994,Blady,USA,Los Angeles,,F
Tzuyu,Chou Tzuyu,저우쯔위,쯔위,6/14/1999,Twice,Taiwan,Tainan,,F
U,Mizuguchi Yuto,미즈구치 유토,유,3/16/1999,ONF,Japan,Osaka,,M
U-Know Yunho,Jung Yunho,정윤호,유노윤호,2/6/1986,TVXQ,South Korea,Gwangju,,M
U-Kwon,Kim Yukwon,김유권,유권,4/9/1992,Block B,South Korea,Suwon,Bastarz,M
U-Si,Yoo Jiyeon,윤지연,유시,11/13/1997,BADKIZ,South Korea,Iksan,,F
Uchae,Yu Hyejun,유혜준,유채,5/7/2002,NATURE,South Korea,,,F
Uee,Kim Yujin,김유진,유이,4/9/1988,After School,South Korea,Daegu,,F
Uji,Jang Yuji,정유지,유지,1/2/1991,,South Korea,,,F
Umji,Kim Yewon,김예원,엄지,8/19/1998,Gfriend,South Korea,Incheon,,F
V,Kim Taehyung,김태형,뷔,12/30/1995,BTS,South Korea,Daegu,,M
Vernon,Choi Hansol,최한솔,버논,2/18/1998,Seventeen,USA,New York,,M
Victoria,Song Qian,송치엔,빅토리아,2/2/1987,f(x),China,Qingdao,,F
Viki,Kang Eunhye,강은혜,비키,3/28/1988,,South Korea,Seoul,,F
Villain,Lee Seunghyun,이승현,빌런,7/17/1998,Spectrum,South Korea,,,M
Vivi,Wong Viian,황가희,비비,12/9/1996,LOONA,Hong Kong,Hong Kong,Loona 1/3,F
Vivian,Park Sunghee,박성희,비비안,12/8/1998,Gate9,South Korea,,,F
Way,Heo Minsun,허민선,웨이,7/12/1990,Crayon Pop,South Korea,Seoul,,F
Wei,Lee Sungjun,이성준,웨이,7/8/1996,UP10TION,South Korea,Seoul,,M
Wendy,Son Seunghwan,손승완,웬디,2/21/1994,Red Velvet,South Korea,Seoul,,F
Wenhan,Li Wenhan,리원한,원한,7/22/1994,UNIQ,China,,,M
Wheein,Jung Wheein,정휘인,휘인,4/17/1995,Mamamoo,South Korea,Jeonju,,F
Win,Bang Junhyuk,방준혁,윈,12/19/2004,MCND,South Korea,,,M
Winwin,Dong Sicheng,뚱쓰청,윈윈,10/28/1997,NCT,China,Zhejiang,NCT 127,M
Wondae,Seol Wondae,설원대,원대,4/28/1998,Dongkiz,South Korea,,,M
Wonho,Shin Hoseok,신호석,원호,3/1/1993,MONSTA X,South Korea,Anyang,,M
Wonjin,Won Jin,원진,원진,1/1/2003,GIDONGDAE,South Korea,,,M
Wonjin,Ham Wonjin,함원진,원진,3/22/2001,CRAVITY,South Korea,,,M
Wonpil,Kim Wonpil,김원필,원필,4/28/1994,DAY6,South Korea,,,M
Wontaek,Ju Wontaek,주원탁,원탁,2/24/1996,,South Korea,,,M
Wonwoo,Jeon Wonwoo,전원우,원우,7/17/1996,Seventeen,South Korea,Changwon,,M
Wonyoung,Jang Wonyoung,장원영,원영,8/31/2004,IZ*ONE,South Korea,Seoul,,F
Woo-ah,Kim Chaewon,김채원,우아,7/20/1997,CRAXY,South Korea,,,F
Woobin,Seo Woobin,서우빈,우빈,10/16/2000,CRAVITY,South Korea,,,M
Woochul,Shin Woochul,신우철,우철,10/2/2002,Newkidd,South Korea,,,M
Woodam,Park Woodam,박우담,우담,8/2/1995,D1CE,South Korea,,,M
Woohee,Bae Woohee,배우희,우희,9/21/1991,Dal Shabet,South Korea,Busan,UNI.T,F
Nam Woohyun,Nam Woohyun,남우현,우현,2/8/1991,Infinite,South Korea,Seoul,Toheart,M
Woojin,Park Woojin,박우진,우진,11/2/1999,AB6IX,South Korea,Busan,,M
Woojin,Lee Woojin,이우진,우진,4/3/2003,TheEastLight,South Korea,,,M
Woojin,Kim Woojin,김우진,우진,4/8/1997,,South Korea,Daejeon,,M
Woojin,Lee Woojin,이우진,우진,4/7/2003,TEEN TEEN,South Korea,,,M
Woojoo,Kim Woojoo,김우주,우주,8/12/1996,Wassup,South Korea,,,F
Woojoo,Kim Sangyoon,김상윤,우주,9/18/1996,14U,South Korea,,,M
Woolim,Hwang Woolim,황우림,우림,8/29/1996,Playback,South Korea,,,F
Woonggi,Cha Woonggi,차웅기,웅기,4/23/2002,TOO,South Korea,,,M
Woori,Go Woori,고우리,우리,2/22/1988,Rainbow,South Korea,Jeonju,Rainbow Blaxx,F
Wooseok,Jeong Wooseok,정우석,우석,1/31/1998,PENTAGON,South Korea,,,M
Wooshin,Kim Wooseok,김우석,우신,10/27/1996,X1,South Korea,Daejeon,UP10TION,M
Woosu,Kim Minseok,김민석,우수,11/23/1999,IZ,South Korea,,,M
Woosung,Choi Sunghyuk,최성혁,우성,9/24/1994,SNUPER,South Korea,Seoul,,M
Wooyeon,Park Jinkyung,박진경,우연,2/11/2003,woo!ah!,South Korea,,,F
Wooyeop,Jo Wooyeop,조우엽,우엽,9/27/2000,TRCNG,South Korea,,,M
Jang Wooyoung,Jang Wooyoung,장우영,우영,4/30/1989,2PM,South Korea,Busan,,M
Wooyoung,Jung Wooyoung,정우영,우영,11/26/1999,ATEEZ,South Korea,,,M
Woozi,Lee Jihoon,이지훈,우지,11/22/1996,Seventeen,South Korea,Busan,,M
Wow,Kim Seyoon,김세윤,와우,2/28/1993,A.C.E,South Korea,Gyeonggi,,M
Wyatt,Shim Jaeyoung,심재영,와이엇,1/23/1995,ONF,South Korea,Seoul,,M
Xeheun,Lee Seheun,이세흔,세흔,7/11/1999,Girlkind,South Korea,,,F
Xero,Shin Jiho,신지호,제로,2/3/1994,Topp Dogg,South Korea,Gwangji,,M
Xia Junsu,Kim Junsu,김준수,시아 준수,12/15/1986,JYJ,South Korea,,,M
Xiao,Lee Dongyeol,이동열,샤오,12/13/1998,UP10TION,South Korea,Busan,,M
Xin,Wang Xinwi,왕씬위,씬,11/10/1996,VARSITY,China,,,M
Xion,Son Dongju,손동주,시온,1/20/2000,Oneus,South Korea,,,M
Xiumin,Kim Minseok,김민석,시우민,3/26/1990,EXO,South Korea,Guri,EXO-CBX,M
Xiweol,Kang Minseok,강민석,시월,10/21/1996,VARSITY,South Korea,,,M
Xiyeon,Park Junghyun,박정현,시연,11/14/2000,Pristin,South Korea,,,F
Xuanyi,Wu Xuanyi,우쉬안이,선의,1/26/1995,Cosmic Girls,China,Hainan,,F
Y,Choi Sungyoon,최성윤,와이,7/31/1995,Golden Child,South Korea,,,M
Yan An,Yan An,옌안,옌안,10/25/1996,PENTAGON,China,Shanghai,,M
Yano,Seo Sangwon,서상원,야노,9/27/1995,Topp Dogg,South Korea,Seoul,,M
Yeah,Kim Haeun,김하은,예아,10/9/1999,Cignature,South Korea,Gongju,,F
Yebin,Baek Yebin,백예빈,예빈,7/13/1997,DIA,South Korea,Chuncheon,UNI.T,F
Yechan,Shin Yechan,신예찬,예찬,5/14/2001,1the9,South Korea,Seoul,,M
Yechan,Kim Yechan,김예찬,예찬,11/26/1995,Pink Fantasy,South Korea,,,F
Yedam,Bang Yedam,방예담,예담,5/7/2002,Treasure,South Korea,,,M
YeeEun,Jang Yeeun,장예은,예은,8/10/1998,CLC,South Korea,Dongducheon,,F
Yeeun,Hwang Yeeun,황예은,예은,1/12/1997,Blady,South Korea,Gimhae,,F
Yehana,Kim Yewon,김예원,예하나,2/22/1999,Pristin,South Korea,Ilsan,,F
Yehyeon,Kim Yehyeon,김예현,예현,9/12/1999,GIDONGDAE,South Korea,,,M
Yein,Jeong Yein,정예인,예인,6/4/1998,Lovelyz,South Korea,Incheon,,F
Yein,Ahn Yein,안예인,예인,5/4/1995,MELODYDAY,South Korea,,,F
Yeji,Hwang Yeji,황예지,예지,5/26/2000,ITZY,South Korea,,,F
Yellow,Kim Eunbi,김은비,노랑,5/5/1993,Pungdeng-E,South Korea,Seoul,,F
Yena,Yang Yena,양예나,예나,5/22/2000,APRIL,South Korea,Daegu,,F
Yena,Jeong Yena,정예나,예나,4/10/2000,G-reyish,South Korea,,,F
Yena,Choi Yena,최예나,예나,9/29/1999,IZ*ONE,South Korea,Seoul,,F
Yenny,Park Yeeun,박예은,예은,5/26/1989,Wonder Girls,South Korea,Goyang,,F
Yeo One,Yeon Changgu,여창구,여원,3/27/1996,PENTAGON,South Korea,,,M
Yeoeun,Jung Jieun,정지은,여은,1/25/1990,MELODYDAY,South Korea,,,F
Yeojin,Im Yeojin,임여진,여진,11/11/2002,LOONA,South Korea,Guro,Loona 1/3,F
Yeonha,Ahn Yeonji,안연지,연하,5/19/2000,P.O.P,South Korea,Yeondong,,F
Yeonhee,Kim Yeonhee,김연희,연희,12/6/2000,Rocket Punch,South Korea,,,F
Yeonho,Ju Yeonho,주연호,연호,5/31/2000,Verivery,South Korea,,,M
Yeonjoo,Song Yeonjoo,정연주,연주,6/26/1997,P.O.P,South Korea,Ansan,,F
Yeonjun,Choi Yeonjun,최연준,연준,9/13/1999,TXT,South Korea,,,M
Yeonjung,Yu Yeonjung,유연정,연정,8/3/1999,Cosmic Girls,South Korea,Gwangmyeong,I.O.I,F
Yeontae,Jeong Yeontae,정연태,연태,7/6/1992,IN2IT,South Korea,,,M
Yeonwoo,Lee Dabin,이다빈,연우,8/1/1996,MOMOLAND,South Korea,Seoul,,F
Yeoreum,Lee Jinsook,이진숙,여름,1/10/1999,Cosmic Girls,South Korea,Seoul,,F
Yeoreum,Ahn Chaeyeon,안채연,여름,6/4/1996,Hello Venus,South Korea,,,F
Yeori,Kim Soyeon,김소연,여리,5/30/1994,Gate9,South Korea,Seoul,,F
Yeori,Choi Yeori,최여리,여리,9/8/1999,ARIAZ,South Korea,,,F
Yeosang,Kang Yeosang,강여상,여상,6/15/1999,ATEEZ,South Korea,Incheon,,M
Yeoun,Lee Kyeongbin,이경빈,여운,9/3/1997,ARGON,South Korea,,,M
Yeowool,Ha Yeowool,하여울,여울,4/11/1998,Purplebeck,South Korea,,,F
Yeram,Yang Yeram,양예람,예람,3/31/2000,Astin,South Korea,,,M
Yeri,Kim Yerim,김예림,예리,3/5/1999,Red Velvet,South Korea,Seoul,,F
Yerim,Jeong Yerim,정예림,예림,3/10/1997,Purplebeck,South Korea,,,F
Yerin,Baek Yerin,백예린,백예린,6/26/1997,15&,South Korea,Daejeon,,F
Yerin,Jung Yerin,정예린,예린,8/19/1996,Gfriend,South Korea,Incheon,,F
Yeryung,,,예령,6/22/2002,Lusty,South Korea,Busan,,F
Yeseo,Kang Yeseo,강예서,예서,8/22/2005,Busters,South Korea,,,F
Yeso,Lee Yeso,이예소,예소,11/13/2001,G-reyish,South Korea,,,F
Yesung,Kim Jongwoon,김종운,예성,8/24/1984,Super Junior,South Korea,Seoul,,M
Yezi,Lee Yeji,이예지,예지,8/26/1994,Fiestar,South Korea,Gangneung,,F
Yibo,Wang Yibo,왕이보,이보,8/5/1997,UNIQ,China,,,M
Yijeong,Jang Yijeong,장이정,이정,9/10/1993,HISTORY,South Korea,Jinju,,M
Yiren,Wang Yiren,왕이런,이런,12/29/2000,Everglow,China,,,F
Yixuan,Zhou Yixuan,조이쉔,이쉔,12/11/1990,UNIQ,China,,,M
Yiyeon,Jung Dasol,정다솔,이연,5/28/1995,BVNDIT,South Korea,,,F
Yohan,Kim Yohan,김요한,요한,9/22/1999,X1,South Korea,,,M
Yonggeun,Jo Yonggeun,조용근,용근,1/23/1995,D1CE,South Korea,,,M
Bang Yongguk,Bang Yongguk,방용국,용국,3/31/1990,B.A.P,South Korea,Incheon,,M
Yongha,Yoo Yongha,유용하,용하,1/11/1999,1the9,South Korea,,,M
Yonghee,Kim Yonghee,김용희,용희,2/17/2000,CIX,South Korea,,,M
Yonghoon,Jin Yonghoon,진용훈,용훈,8/17/1994,Onewe,South Korea,,,M
Yonghwa,Jung Yonghwa,정용화,용화,6/22/1989,CNBLUE,South Korea,Seoul,,M
Yongseok,Kim Yongseok,김용석,용석,1/8/1993,CROSS GENE,South Korea,Seoul,,M
Yongseung,Kim Yongseung,김용승,용승,6/17/2000,Verivery,South Korea,,,M
Yooa,Yoo Siah,유시아,유아,9/17/1995,Oh My Girl,South Korea,Seoul,,F
Yoochun,Park Yoochun,박유천,유천,7/4/1986,JYJ,South Korea,Seoul,,M
Yoohyeon,Kim Yoohyeon,김유현,유현,1/7/1997,Dreamcatcher,South Korea,Incheon,,F
Yoojin,Jang Yoojin,정유진,유진,9/14/1992,,South Korea,,,F
Yoojun,Jun Yoojun,정유준,유준,7/26/1995,D1CE,South Korea,,,M
Yoojung,Choi Yoojung,최유정,유정,11/12/1999,Weki Meki,South Korea,Guri,"I.O.I, WJMK",F
Yoojung,Lee Taeyeop,이태엽,유정,5/19/1997,OnlyOneOf,South Korea,,,M
Yookyung,Seo Yookyung,서유경,유경,3/15/1993,,South Korea,,,F
Yoomin,Na Yoomin,나유민,유민,8/29/1993,MELODYDAY,South Korea,,,F
Yoon,Heo Yoon,허윤,윤,9/23/1994,4TEN,South Korea,,,F
Yoon,Ji Hayoon,지하윤,윤,7/8/1997,Gate9,South Korea,Busan,,F
Yoona,Im Yoona,임윤아?,윤아,5/30/1990,SNSD,South Korea,Seoul,,F
Yoonbin,Ha Yoonbin,하윤빈,윤빈,12/11/2000,,South Korea,,,M
Yoonhye,Jung Yoonhye,정윤혜,윤혜,4/14/1990,Rainbow,South Korea,Daejeon,,F
Yoonhye,Jung Yoonhye,정윤혜,윤혜,10/4/2001,FANATICS,South Korea,,FANATICS FLAVOR,F
Yoonji,,,윤지,7/21/1998,Lusty,South Korea,,,F
Yoonjo,Shin Yoonjo,신윤조,윤조,12/14/1992,UNI.T,South Korea,Seoul,,F
Yoonsan,Yoon Sanghyuk,윤상혁,윤산,8/22/1994,HOTSHOT,South Korea,,,M
Yoosung,Jeong Yoosung,정유성,유성,10/8/1992,,South Korea,,,M
Yooyoung,Lee Yooyoung,이유영,유영,1/23/1995,Hello Venus,South Korea,Suwon,,F
Yoseob,Yang Yoseob,양요섭,요섭,1/5/1990,Highlight,South Korea,Seoul,,M
Yoshinori,Kanemoto Yoshinori,카네모토 요시노리,요시노리,5/15/2000,Treasure,Japan,Kobe,,M
Youi,Kim Jihyeo,유아이,유아이,4/24/2000,Dreamnote,South Korea,,,F
Young K,Kang Young-hyun,강영현,영케이,12/19/1993,DAY6,South Korea,,,M
Youngbin,Kim Youngbin,김영빈,영빈,11/23/1993,SF9,South Korea,,,M
Youngho,Noh Youngho,노영호,영호,3/24/1993,SIGNAL,South Korea,,,M
Younghoon,Kim Younghoon,김영훈,영훈,8/8/1997,The Boyz,South Korea,,,M
Young-jae,Yoo Youngjae,유영재,영재,1/24/1994,B.A.P,South Korea,Seoul,,M
Youngjae,Choi Youngjae,최영재,영재,9/17/1996,GOT7,South Korea,Mokpo,,M
Hur Youngji,Hur Youngji,허영지,영지,8/30/1994,,South Korea,Goyang,,F
Youngmin,Jo Youngmin,조영민,영민,4/24/1995,Boyfriend,South Korea,Anyang,,M
Youngmin,Lee Youngmin,임영민,영민,12/25/1995,AB6IX,South Korea,Busan,MXM,M
Youngwoong,Cho Youngwoon,조영웅,영웅,5/1/1999,14U,South Korea,,,M
Yua,Mikami Yua,미카미 유아,유아,8/16/1993,Honey Popcorn,Japan,,,F
Yubin,Kim Yubin,김유빈,유빈,10/4/1988,Wonder Girls,South Korea,Gwangju,,F
Yubeen,Cho Yubin,조유빈,유빈,10/9/1999,Pink Fantasy,South Korea,,,F
Yuem,Park Subin,박수빈,유음,12/25/1996,H.U.B,South Korea,,,F
Yugyeom,Kim Yugyeom,김유겸,유겸,11/17/1997,GOT7,South Korea,Namyangju,,M
Yuha,Kang Kyungwon,강경원,유하,11/5/1997,Hinapia,South Korea,,,F
Yujeong,Kim Yujeong,김유정,유정,2/14/1992,LABOUM,South Korea,Seoul,,F
Yujeong,Nam Yujeong,남유정,유정,5/2/1991,Brave Girls,South Korea,Seoul,,F
Yuji,Son Yuji,손유지,유지,11/25/1998,3YE,South Korea,,,F
Yujin,Choi Yujin,최유진,유진,8/12/1996,CLC,South Korea,Jeonju,,F
Yujin,Seo Yoojin,소유진,유진,6/18/1994,Playback,South Korea,,,F
Yujin,Jeong Yujin,정유진,유진,10/23/1989,S#aFLA,South Korea,,,F
Yujin,Ahn Yujin,안유진,유진,9/1/2003,IZ*ONE,South Korea,Cheongju,,F
Yuju,Choi Yuna,최유나,유주,10/4/1997,Gfriend,South Korea,Goyang,,F
Yuju,Choi Yuju,최유주,유주,3/5/1997,Cherry Bullet,South Korea,,,F
Yukyung,Lee Yukyung,이유경,유경,11/5/1999,ELRIS,South Korea,,,F
Yulhee,Kim Yulhee,김율희,율희,11/27/1997,,South Korea,Bucheon,,F
Yuna,Seo Yuna,서유나,유나,12/30/1992,AoA,South Korea,Busan,AOA BLACK,F
Yuna,Lee Yuna,이유나,유나,4/6/1993,Brave Girls,South Korea,Seoul,,F
Yuna,Shin Yuna,신유나,유나,12/9/2003,ITZY,South Korea,,,F
Yunho,Jang Yunho,장윤호,윤호,4/15/2000,VARSITY,South Korea,,,M
Yunho,Jeong Yunho,정윤호,윤호,3/23/1999,ATEEZ,South Korea,Gwangju,,M
Yunji,Lee Yunji,이윤지,윤지,4/4/1992,Playback,South Korea,,,F
Yunji,Kim Yunji,김윤지,윤지,8/26/1996,ARIAZ,South Korea,,,F
Yunkyung,Seo Yunkyung,서윤경,윤경,11/1/2001,Rocket Punch,South Korea,,,F
Yunmin,Yun Min,윤민,윤민,2/26/2001,Newkidd,South Korea,,,M
Yunsung,Hwang Yunsung,황윤성,윤성,3/19/1996,Romeo,South Korea,,,M
Yuqi,Song Yuqi,송우기,우기,9/23/1999,(G)I-DLE,China,Beijing,,F
Yura,Kim Ahyoung,김아영,유라,11/6/1992,Girl's Day,South Korea,Ulsan,,F
Yuri,Kwon Yuri,권유리?,유리,12/5/1989,SNSD,South Korea,Goyang,,F
Yuri,Jo Yuri,조유리,유리,10/22/2001,IZ*ONE,South Korea,Busan,,F
Yurim,Park Yurim,박유림,유림,4/13/1998,3YE,South Korea,,,F
Yuta,Nakamoto Yuta,나카모토 유타,유타,10/26/1995,NCT,Japan,Osaka,NCT 127,M
Yuto,Adachi Yuto,아다치 유토,유토,1/23/1998,PENTAGON,Japan,,,M
Yuvin,Song Yuvin,송유빈,유빈,4/28/1998,B.O.Y,South Korea,,,M
Yves,Ha Sooyoung,하수영,이브,5/24/1997,LOONA,South Korea,,Loona yyxy,F
YY,Kim Moonyong,김문용,와이와이,8/30/1991,UNVS,South Korea,,,M
Z-UK,Jeong Jaewook,정재욱,지욱,1/27/1993,,South Korea,,,M
Zelo,Choi Junhong,최준홍,젤로,10/15/1996,B.A.P,South Korea,Mokpo,,M
Zhou Mi,Zhou Mi,조미,조미,4/19/1986,Super Junior-M,China,Wuhan,,M
Zico,Woo Jiho,우지호,지코,9/14/1992,Block B,South Korea,Seoul,,M
Ziu,Park Heejun,박희준,지우,6/16/1997,VAV,South Korea,,,M
ZN,Bae Jinye,배진예,지엔,6/9/1994,LABOUM,South Korea,Bucheon,UNI.T,F
Zoa,Cho Hyewon,조혜원,조아,5/31/2005,Weeekly,South Korea,,,F
Zuho,Bae Juho,백주호,주호,7/4/1996,SF9,South Korea,,,M
Zuny,Kim Joomi,김주미,주니,12/8/1994,Ladies' Code,South Korea,Gwangju,,F
Crush,Shin-Hyoseob,,,5/3/1992,,South Korea,Seoul,,M
Natty,Natty,,,5/30/2002,,,,,F
Bibi,Kim Hyung-seo,,,9/27/1998,,,,,F
Ben,Lee Eun-young,,,7/30/1991,,South Korea,Incheon,,F
Stella Jang,Jang Seongeun,,,18-Nov,,,,,F
Hong Jinyoung,Hong Jinyoung,,,8/9/1985,,South Korea,Gwangju,SWAN,F
Kisum,Jong Hyeryung,,,1/20/1994,,South Korea,Seoul,,F
Eyedi,Nam Yujin,,,12/8/1995,,South Korea,Suncheon,,F
Lim Kim,Kim Yerim,,,1/21/1994,,South Korea,Seoul,,F
Moon,Moon Sujin,,,,,,,,F
SAAY,Kwon Sohee,,,4/13/1993,,South Korea,Busan,,F
Younha,Go Younha,,,4/29/1988,,South Korea,Seoul,,F
J.Y. Park,JYP,,,,,,,,M
Jessi,Jessica Ho,,,12/17/1988,,New York,Queens,,F
Hoody,Kim Hyunjung,,,2/10/1990,,South Korea,,,F
Jeong Sewoon,Jeong Sewoon,,,5/31/1997,,South Korea,Changwon,,M
Punch,Bae Jinyoung,,,2/19/1993,,South Korea,Seoul,,F
Ruann,Ruan Oyama,,,7/21/2003,,Japan,Osaka,,F
Lee Gauen,Lee Gaeun,,,8/20/1994,,South Korea,Seoul,,F
Heize,Jang Dahye,,,8/9/1991,,South Korea,Daegu,,F
Eun Jiwon,Eun Jiwon,,,6/8/1978,,South Korea,Seoul,,M
Lana,Yoo Lana,,,10/23/1996,,,,,F
Lee Hi,Lee Hayi,,,9/23/1996,,South Korea,Bucheon,,F
Giant Pink,Park Yunha,,,4/23/1991,,South Korea,Busan,,F
Gray,Lee Seonghwa,,,12/8/1996,,South Korea,Seoul,,M
Seongri,Kim Seongri,,,4/6/1994,,South Korea,Andong,,M
MiSO,Kim Miso,,,2/4/1995,,South Korea,Gyeonggi-do,,F
Sori,Kim Sori,,,7/21/1990,,South Korea,Seoul,,F
Chae Yeon,Lee Chaeyeon,,,12/10/1978,,South Korea,,,F
Navi,Ahn Jiho,,,3/22/1986,,South Korea,Gyeonggi-do,,F
Soya,Kim Soya,,,4/2/1990,,South Korea,Seoul,,F
Eric Nam,Nam Yoon-do,,,11/17/1988,,US,Georgia,,M
Yoo Seonho,Yoo Seonho,,,1/28/2002,,South Korea,Incheon,,M
JooYoung,Kim Jooyoung,,,3/9/1991,,South Korea,Cheonju,,M
HEYNE,Kim Hyein,,,6/3/1992,,South Korea,Seoul,,F
Roy Kim,Kim Sangwoo,,,7/3/1993,,South Korea,Seoul,,M
Risso,Kim Sori,,,2/12/1990,,South Korea,,,F
DEAN,Kwon Hyuk,,,11/10/1992,,South Korea,Seoul,,M
Juniel,Choi Seoah,,,9/3/1993,,South Korea,Seoul,,F
Shannon,Shannon Williams,,,5/26/1998,,England,London,,F
Suran,Shin Suran,,,7/15/1986,,South Korea,Busan,,F
Baek A Yeon,Baek A Yeon,,,3/11/1993,,South Korea,Seongnam-si,,F
Kang Sira,Kang Sira,,,6/13/1991,,South Korea,,,F
Kasper,Lee Serin,,,4/17/1993,,United States,,,F
